cid,proj,unit_number,cname,state,contract_date,handover_date,sale_price,booking_amount,total_paid,overall_payment_state,payment_schedule_id,buyer,phone,email,n_inst,inst_sum,inst_paid,notes
334,BR1,101,SC/2026/00246,signed,2024-06-28,,1290281.00,129028.10,688102.11,no_invoices,,"David,Michel Becu & Danielle,Nadege Ganga",+33660517016,David_becu@hotmail.com,4,1290281.00,688102.11,Imported from reconciled sales workbook (parkgroup_recon)
335,BR1,102,SC/2026/00247,signed,2024-10-09,,1203965.00,120396.50,457513.52,no_invoices,,HASAN ABDULLA HASAN ALDOOBI ALSHEHHI,+971506276201,nader1989@hotmail.com,4,1203965.00,457513.52,Imported from reconciled sales workbook (parkgroup_recon)
336,BR1,103,SC/2026/00248,signed,2024-07-13,,917731.00,91773.10,321207.11,no_invoices,,Artem Germanovich Tolmachev,+31614448800,artyomx@gmail.com,4,917731.00,321207.11,Imported from reconciled sales workbook (parkgroup_recon)
337,BR1,104,SC/2026/00249,signed,2024-07-13,,913210.00,91321.00,410918.00,no_invoices,,OSMAN BIROL,+41763923441,Osman_birol10@hotmail.com,4,913210.00,410918.00,Imported from reconciled sales workbook (parkgroup_recon)
338,BR1,105,SC/2026/00250,signed,2024-07-21,,907559.00,90755.90,399335.90,no_invoices,,Edward Campbell Kelly,+447340871859-,kned58@yahoo.co.uk,4,907559.00,399335.90,Imported from reconciled sales workbook (parkgroup_recon)
339,BR1,106,SC/2026/00251,signed,2024-06-16,,923834.00,92383.40,280148.38,no_invoices,,"Florent,Pascal,Armand Lourmiere",'+971551527617,flourmiere@yahoo.fr,4,923834.00,280148.38,Imported from reconciled sales workbook (parkgroup_recon)
340,BR1,107,SC/2026/00252,signed,2024-10-09,,1196215.00,119621.50,442597.51,no_invoices,,HASAN ABDULLA HASAN ALDOOBI ALSHEHHI,+971506276201,nader1989@hotmail.com,4,1196215.00,442597.51,Imported from reconciled sales workbook (parkgroup_recon)
341,BR1,108,SC/2026/00253,signed,2024-07-23,,2290130.00,229013.00,2255726.22,no_invoices,,Ross Tony Peters,+447473830539-07725067302,Rtp2023rtp@icloud.com,4,2290130.00,2255726.22,Imported from reconciled sales workbook (parkgroup_recon)
342,BR1,109,SC/2026/00254,signed,2024-09-26,,2171081.00,217108.10,613886.37,no_invoices,,Fadi Abi Nakhoul/Maroun Nassar,+9613142221,Fadyabinakhoul@hotmail.com,2,2171081.00,613886.37,Imported from reconciled sales workbook (parkgroup_recon)
343,BR1,201,SC/2026/00255,signed,2024-07-20,,1300281.00,130028.10,403087.22,no_invoices,,Manik Bhatheja / Robin Dhawan,+0918,Connect.manikbhatheja@gmail.com,4,1300281.00,403087.22,Imported from reconciled sales workbook (parkgroup_recon)
344,BR1,202,SC/2026/00256,signed,2024-09-19,,1213965.00,121396.50,375632.01,no_invoices,,Fady Karim,+971528013684,Offkarim8181@gmail.com,4,1213965.00,375632.01,Imported from reconciled sales workbook (parkgroup_recon)
345,BR1,203,SC/2026/00257,signed,2024-06-21,,927731.00,92773.10,426797.11,no_invoices,,Artak Sahakyan,+37495701755,sahartak777@gmail.com,4,927731.00,426797.11,Imported from reconciled sales workbook (parkgroup_recon)
346,BR1,204,SC/2026/00258,signed,2024-06-18,,923210.00,92321.00,424674.00,no_invoices,,Peter Branko Brcic,5198195013,Brcic.peter@gmail.com,4,923210.00,424674.00,Imported from reconciled sales workbook (parkgroup_recon)
347,BR1,205,SC/2026/00259,signed,2024-06-13,,917559.00,91755.90,413082.13,no_invoices,,Margarita Maksimenko,+79103115078,rinikana.office@gmail.com,4,917559.00,413082.13,Imported from reconciled sales workbook (parkgroup_recon)
348,BR1,206,SC/2026/00260,signed,2024-06-13,,933834.00,93383.40,498130.00,no_invoices,,Evgeny Kuzemin,+37122308580,e.kuzemin@gmail.com,4,933834.00,498130.00,Imported from reconciled sales workbook (parkgroup_recon)
349,BR1,207,SC/2026/00261,signed,2024-06-29,,1206215.00,120621.50,542910.01,no_invoices,,Arshi Anjum,+971502735850,Amjadsiddiqui59@gmail.com,4,1206215.00,542910.01,Imported from reconciled sales workbook (parkgroup_recon)
350,BR1,208,SC/2026/00262,signed,2024-07-31,,1835179.00,183517.90,400400.22,no_invoices,,"Abhinav Reddy Kalakonda , Sandeep reddy Ayereddy",+917032639932,Abhinav.rp14@gmail.com,2,1835179.00,400400.22,Imported from reconciled sales workbook (parkgroup_recon)
351,BR1,209,SC/2026/00263,signed,2024-08-08,,1803897.00,180389.70,469197.18,no_invoices,,Yola Aurore Lamour,+959765999910,yolalamour@hotmail.com,2,1803897.00,469197.18,Imported from reconciled sales workbook (parkgroup_recon)
352,BR1,210,SC/2026/00264,signed,2024-07-01,,995366.00,99536.60,438601.02,no_invoices,,Maria Andrea Burgess,+201090580849,kate@marburmedia.com,4,995366.00,438601.02,Imported from reconciled sales workbook (parkgroup_recon)
353,BR1,211,SC/2026/00265,signed,2024-07-24,,1406709.00,140670.90,640439.91,no_invoices,,Faizul Ahmed,+447767746853,Cambridgeitec@gmail.com,4,1406709.00,640439.91,Imported from reconciled sales workbook (parkgroup_recon)
354,BR1,212,SC/2026/00266,signed,2024-06-21,,1884761.00,188476.10,829441.98,no_invoices,,Ivan Todorovic / Dragana Todorovic,+491704568305,vipgmbh@aol.com,4,1884761.00,829441.98,Imported from reconciled sales workbook (parkgroup_recon)
355,BR1,213,SC/2026/00267,signed,2024-07-13,,1869546.00,186954.60,710465.00,no_invoices,,Rashmi Jamno Kalwani,+971552929927,Rashmijk@gmail.com,4,1869546.00,710465.00,Imported from reconciled sales workbook (parkgroup_recon)
356,BR1,301,SC/2026/00268,signed,2024-10-10,,1310281.00,131028.10,412056.42,no_invoices,,Fadi Abi Nakhoul/Maroun Nassar,+9613142221,Fadyabinakhoul@hotmail.com,4,1310281.00,412056.42,Imported from reconciled sales workbook (parkgroup_recon)
357,BR1,302,SC/2026/00269,signed,2024-06-21,,1223965.00,122396.50,489585.10,no_invoices,,Kuljit Singh,+971504322696,kuljit4626@gmail.com,4,1223965.00,489585.10,Imported from reconciled sales workbook (parkgroup_recon)
358,BR1,303,SC/2026/00270,signed,2024-06-18,,937731.00,93773.10,365713.88,no_invoices,,Thomas Joe Malcolm,+447455959886,Tommalcolmwork@gmail.com,4,937731.00,365713.88,Imported from reconciled sales workbook (parkgroup_recon)
359,BR1,304,SC/2026/00271,signed,2024-07-11,,933210.00,93321.00,425308.16,no_invoices,,Vladimir Suvorov,+79255964829,proximavv@gmail.com,4,933210.00,425308.16,Imported from reconciled sales workbook (parkgroup_recon)
360,BR1,305,SC/2026/00272,signed,2024-06-12,,927559.00,92755.90,383103.42,no_invoices,,Iuliia Nikolaeva,+79091966661,yuliyan555@yandex.ru,4,927559.00,383103.42,Imported from reconciled sales workbook (parkgroup_recon)
361,BR1,306,SC/2026/00273,signed,2024-06-18,,943834.00,94383.40,426691.25,no_invoices,,"Merouane,Gerard,Mohamed Zins",+33784313081,zins.zins.merouane@gmail.com,4,943834.00,426691.25,Imported from reconciled sales workbook (parkgroup_recon)
362,BR1,307,SC/2026/00274,signed,2024-07-04,,1216215.00,121621.50,547357.52,no_invoices,,MOHAMMED JASSIM MOHAMMED AL FATLAWI,+971502261059,mbj2080@gmail.com,4,1216215.00,547357.52,Imported from reconciled sales workbook (parkgroup_recon)
363,BR1,308,SC/2026/00275,signed,2024-07-26,,1845179.00,184517.90,722622.00,no_invoices,,Bee Trade DMCC,+971585422067,av@igca.eu,4,1845179.00,722622.00,Imported from reconciled sales workbook (parkgroup_recon)
364,BR1,309,SC/2026/00276,signed,2024-10-09,,1813897.00,181389.70,781099.93,no_invoices,,Habibollah Mohammad Dashti Zadeh,+989123866000,Dzhabib2009@yahoo.com,4,1813897.00,781099.93,Imported from reconciled sales workbook (parkgroup_recon)
365,BR1,310,SC/2026/00277,signed,2024-06-17,,1005366.00,100536.60,311616.23,no_invoices,,Elena Bugaeva,18188075352,Ellen.Alexander.la@gmail.com,4,1005366.00,311616.23,Imported from reconciled sales workbook (parkgroup_recon)
366,BR1,311,SC/2026/00278,signed,2024-07-18,,1416709.00,141670.90,623350.54,no_invoices,,Dinshaw Cyrus Vania,+971501961794,Kaiwan@gmail.com,4,1416709.00,623350.54,Imported from reconciled sales workbook (parkgroup_recon)
367,BR1,312,SC/2026/00279,signed,2024-06-25,,1894761.00,189476.10,795800.53,no_invoices,,Mohammad Naser Fani,+971559561980,Moh.fani@yahoo.com,4,1894761.00,795800.53,Imported from reconciled sales workbook (parkgroup_recon)
368,BR1,313,SC/2026/00280,signed,2024-07-12,,1879546.00,187954.60,827000.58,no_invoices,,Granville Trading DWL-LLC,+971564924343,mk.elbarbary@gmail.com,4,1879546.00,827000.58,Imported from reconciled sales workbook (parkgroup_recon)
369,BR1,401,SC/2026/00281,signed,2024-07-01,,1320281.00,132028.10,704000.25,no_invoices,,Viktor Shukshin,+79852048090,vikshuksv@gmail.com,4,1320281.00,704000.25,Imported from reconciled sales workbook (parkgroup_recon)
370,BR1,402,SC/2026/00282,signed,2024-06-22,,1233965.00,123396.50,545944.46,no_invoices,,Daniil Myadelets,+37255513551,daniil@kadd.eu,4,1233965.00,545944.46,Imported from reconciled sales workbook (parkgroup_recon)
371,BR1,403,SC/2026/00283,signed,2024-06-18,,947731.00,94773.10,436590.46,no_invoices,,Anvar Daianov,+79646246093,dayantos@yandex.ru,4,947731.00,436590.46,Imported from reconciled sales workbook (parkgroup_recon)
372,BR1,404,SC/2026/00284,signed,2024-12-06,,943210.00,94321.00,443390.25,no_invoices,,Aleksandr Iutalov,+79293399095,yutalov03@gmail.com,4,943210.00,443390.25,Imported from reconciled sales workbook (parkgroup_recon)
373,BR1,405,SC/2026/00285,signed,2024-12-06,,937559.00,93755.90,440652.30,no_invoices,,Valentin Alpatov,+79232732544,alpatovvv88@yandex.ru,4,937559.00,440652.30,Imported from reconciled sales workbook (parkgroup_recon)
374,BR1,406,SC/2026/00286,signed,2024-06-13,,953834.00,95383.40,352929.32,no_invoices,,Ammar Jamal,+92,ammartine@gmail.com,4,953834.00,352929.32,Imported from reconciled sales workbook (parkgroup_recon)
375,BR1,407,SC/2026/00287,signed,2024-07-03,,1226215.00,122621.50,551795.85,no_invoices,,Maksim Iagniukov,+79262450503,iagniukov@gmail.com,4,1226215.00,551795.85,Imported from reconciled sales workbook (parkgroup_recon)
376,BR1,408,SC/2026/00288,signed,2024-07-08,,1511739.00,,1950938.99,no_invoices,,Charles William George Goldsmith,+447766312659,Charliegoldsmith@pencroftventures.co.uk,3,1950938.99,1950938.99,Imported from reconciled sales workbook (parkgroup_recon)
377,BR1,409,SC/2026/00289,signed,2024-07-01,,1805658.03,180565.80,815556.60,no_invoices,,Imad Komati,0568383983,ikomati@gmail.com,4,1805658.03,815556.60,Imported from reconciled sales workbook (parkgroup_recon)
378,BR1,410,SC/2026/00290,signed,2024-06-13,,1015366.00,101536.60,535991.13,no_invoices,,Anna Tikhomirova,+79104011901,anna_udm@mail.ru,4,1015366.00,535991.13,Imported from reconciled sales workbook (parkgroup_recon)
379,BR1,411,SC/2026/00291,signed,2024-10-07,,1426709.00,142670.90,627748.41,no_invoices,,Amine Tawk/Charbel Tawk,+96170365639,Amintawk777@gmail.com,4,1426709.00,627748.41,Imported from reconciled sales workbook (parkgroup_recon)
380,BR1,412,SC/2026/00292,signed,2024-06-18,,1904761.00,190476.10,761903.96,no_invoices,,Shekhar Mehta,+971509734863,drshekharmehta@gmail.com,4,1904761.00,761903.96,Imported from reconciled sales workbook (parkgroup_recon)
381,BR1,413,SC/2026/00293,signed,2024-08-19,,1889546.00,188954.60,702595.37,no_invoices,,Mick Sanders,+971585773518,Rygmick@gmail.com,4,1889546.00,702595.37,Imported from reconciled sales workbook (parkgroup_recon)
382,BR1,501,SC/2026/00294,signed,2024-07-12,,1330281.00,133028.10,452295.77,no_invoices,,Mohammed Hamed Qayyum,+44788300413,Qayyum_Enterprises@hotmail.com,4,1330281.00,452295.77,Imported from reconciled sales workbook (parkgroup_recon)
383,BR1,502,SC/2026/00295,signed,2024-06-21,,1243965.00,124396.50,600467.39,no_invoices,,Maksim Jevsejev,+3725128960,Jevsejev.m@gmail.com,4,1243965.00,600467.39,Imported from reconciled sales workbook (parkgroup_recon)
384,BR1,503,SC/2026/00296,signed,2024-06-12,,957731.00,95773.10,430979.15,no_invoices,,Paul Kassabian,+37441230199,gohark@tpg.com.au,4,957731.00,430979.15,Imported from reconciled sales workbook (parkgroup_recon)
385,BR1,504,SC/2026/00297,signed,2024-12-06,,953210.00,95321.00,448009.17,no_invoices,,Andrei Sadovnikov,+79029798096,2881707@mail.ru,4,953210.00,448009.17,Imported from reconciled sales workbook (parkgroup_recon)
386,BR1,505,SC/2026/00298,signed,2024-12-10,,947559.00,94755.90,445353.50,no_invoices,,Aleksandr Iutalov,+79293399095,yutalov03@gmail.com,4,947559.00,445353.50,Imported from reconciled sales workbook (parkgroup_recon)
387,BR1,506,SC/2026/00299,signed,2024-06-18,,963834.00,96383.40,433749.50,no_invoices,,"Sebastien,Patrick,Henri Martinet",+5493515720212,martinet_sebastien@yahoo.com.ar,4,963834.00,433749.50,Imported from reconciled sales workbook (parkgroup_recon)
388,BR1,507,SC/2026/00300,signed,2024-06-29,,1236215.00,123621.50,531572.04,no_invoices,,Amrat Kumar Maheshwari & Sulakshana Maheshwari,'+971545407075,amratkumardr@gmail.com,4,1236215.00,531572.04,Imported from reconciled sales workbook (parkgroup_recon)
389,BR1,508,SC/2026/00301,signed,2024-08-02,,1865179.00,186517.90,677919.58,no_invoices,,Artem Germanovich Tolmachev,+31614448800,artyomx@gmail.com,4,1865179.00,677919.58,Imported from reconciled sales workbook (parkgroup_recon)
390,BR1,509,SC/2026/00302,signed,2024-07-01,,1815558.03,181555.80,821777.80,no_invoices,,Fadi Elkomati,+0544452570,fadikomati@gmail.com,4,1815558.03,821777.80,Imported from reconciled sales workbook (parkgroup_recon)
391,BR1,510,SC/2026/00303,signed,2024-06-12,,1025366.00,102536.60,561940.00,no_invoices,,Juliya Valasevich & Denis Valasevich,'+16476465215,juliaballetschool@gmail.com,4,1025366.00,561940.00,Imported from reconciled sales workbook (parkgroup_recon)
392,BR1,511,SC/2026/00304,signed,2024-07-09,,1436709.00,143670.90,632149.90,no_invoices,,Osman Goni ; JP: Firoz Shams,+971505092771,osmangoni.se.ae@gmail.com,4,1436709.00,632149.90,Imported from reconciled sales workbook (parkgroup_recon)
393,BR1,512,SC/2026/00305,signed,2024-06-13,,1914761.00,191476.10,746735.13,no_invoices,,MACHIEL DE VRIES,+31642082999,dvbeleggingsmaatschappij@gmail.com,4,1914761.00,746735.13,Imported from reconciled sales workbook (parkgroup_recon)
394,BR1,513,SC/2026/00306,signed,2024-11-14,,1899546.00,189954.60,382908.60,no_invoices,,Imran Yousuf Muhammad Yousuf,+971557030125,Yousufimran@netscape.net,2,1899546.00,382908.60,Imported from reconciled sales workbook (parkgroup_recon)
395,BR1,601,SC/2026/00307,signed,2026-06-07,,1340281.00,134028.10,603124.47,no_invoices,,Irina Belousova,+971567508515,antonb7474@gmail.com,4,1340281.00,603124.47,Imported from reconciled sales workbook (parkgroup_recon)
396,BR1,602,SC/2026/00308,signed,2024-06-14,,1253965.00,125396.50,576827.00,no_invoices,,Rajiv Amar Chhetri,+971503101963,chhetrivajiv@yahoo.com,4,1253965.00,576827.00,Imported from reconciled sales workbook (parkgroup_recon)
397,BR1,603,SC/2026/00309,signed,2024-06-12,,967731.00,96773.10,431681.33,no_invoices,,Paul Kassabian,+37441230199,gohark@tpg.com.au,4,967731.00,431681.33,Imported from reconciled sales workbook (parkgroup_recon)
398,BR1,604,SC/2026/00310,signed,2024-06-18,,963210.00,96321.00,443077.24,no_invoices,,Bojan Gjorgjiev & Blagoj Gjorgjiev,+38971244108,bojangjorgjiev@outlook.com,4,963210.00,443077.24,Imported from reconciled sales workbook (parkgroup_recon)
399,BR1,605,SC/2026/00311,signed,2024-06-13,,957559.00,95755.90,440487.95,no_invoices,,Joseph Hobeika,+971552213766,Hobeikajoseph@hotmail.com,4,957559.00,440487.95,Imported from reconciled sales workbook (parkgroup_recon)
400,BR1,606,SC/2026/00312,signed,2024-06-17,,973834.00,97383.40,418387.72,no_invoices,,Sergei Mikhailenko,+9716230015,7603015@gmail.com,4,973834.00,418387.72,Imported from reconciled sales workbook (parkgroup_recon)
401,BR1,607,SC/2026/00313,signed,2024-06-18,,1208828.55,120882.86,531884.21,no_invoices,,Roman Zieba,+491623414035,romanzieba@hotmail.com,4,1208828.56,531884.21,Imported from reconciled sales workbook (parkgroup_recon)
402,BR1,608,SC/2026/00314,signed,2024-07-01,,1837675.42,183767.54,918840.50,no_invoices,,ANDRII LEVRESHOV,+971543180034,home.dubai55@gmail.com,4,1837675.42,918840.50,Imported from reconciled sales workbook (parkgroup_recon)
403,BR1,609,SC/2026/00315,signed,2024-06-13,,1843897.00,184389.70,737559.37,no_invoices,,Jean Louis Gibon & Carolina Gibo,+791558869731,jeanlouisgibon02@gmail.com,4,1843897.00,737559.37,Imported from reconciled sales workbook (parkgroup_recon)
404,BR1,610,SC/2026/00316,signed,2024-06-17,,1077722.00,107772.20,463547.09,no_invoices,,Sergei Mikhailenko,+9716230015,7603015@gmail.com,4,1077722.00,463547.09,Imported from reconciled sales workbook (parkgroup_recon)
405,BR1,611,SC/2026/00317,signed,2024-06-18,,1446709.00,144670.90,651003.59,no_invoices,,Avni Ademi & Ardit Ademi,+386313888374,Aademi76@gmail.com,4,1446709.00,651003.59,Imported from reconciled sales workbook (parkgroup_recon)
406,BR1,612,SC/2026/00318,signed,2026-06-07,,1924761.00,192476.10,866395.49,no_invoices,,Irina Belousova,+971567508515,antonb7474@gmail.com,4,1924761.00,866395.49,Imported from reconciled sales workbook (parkgroup_recon)
407,BR1,613,SC/2026/00319,signed,2024-06-22,,1909546.00,190954.60,859333.68,no_invoices,,Izehiokhon Andrew Akpengbe & Uhunamure Ogheneochuko Akpengbe,+971569835465,izehiokhon@yahoo.com,4,1909546.00,859333.68,Imported from reconciled sales workbook (parkgroup_recon)
408,BR1,701,SC/2026/00320,signed,2024-06-20,,1350281.00,135028.10,548531.84,no_invoices,,Prasanna Rangaswamy Mysore,+1,prasmr@gmail.com,4,1350281.00,548531.84,Imported from reconciled sales workbook (parkgroup_recon)
409,BR1,702,SC/2026/00321,signed,2024-06-13,,1263965.00,126396.50,568793.60,no_invoices,,Zehra Sherifi,+4793077099,zehra96@hotmail.no,4,1263965.00,568793.60,Imported from reconciled sales workbook (parkgroup_recon)
410,BR1,703,SC/2026/00322,signed,2024-06-18,,977731.00,97773.10,439978.75,no_invoices,,Luiz Guilherme,+5527999757399,Luiz_barcik@hotmail.com,4,977731.00,439978.75,Imported from reconciled sales workbook (parkgroup_recon)
411,BR1,704,SC/2026/00323,signed,2024-06-18,,973210.00,97321.00,437935.50,no_invoices,,Luiz Guilherme,+5527999757399,Luiz_barcik@hotmail.com,4,973210.00,437935.50,Imported from reconciled sales workbook (parkgroup_recon)
412,BR1,705,SC/2026/00324,signed,2024-10-10,,967559.00,96755.90,400511.05,no_invoices,,Edward Forman Lewknowicz,+971502654118,edwardformanlew@gmail.com,4,967559.00,400511.05,Imported from reconciled sales workbook (parkgroup_recon)
413,BR1,706,SC/2026/00325,signed,2024-06-17,,983834.00,98383.40,492025.05,no_invoices,,Aliaksei Zhaliazouski,+971502980114,alexey32144@gmail.com,4,983834.00,492025.05,Imported from reconciled sales workbook (parkgroup_recon)
414,BR1,707,SC/2026/00326,signed,2024-06-18,,1256215.00,125621.50,584225.47,no_invoices,,Alina Rase,+971508681856,ar@ama.ge,4,1256215.00,584225.47,Imported from reconciled sales workbook (parkgroup_recon)
415,BR1,708,SC/2026/00327,signed,2024-07-01,,1885179.00,188517.90,695550.11,no_invoices,,Timothy Robert West & Sheena Ann Mcclelland,+447834083188,Westy2012@aol.com,4,1885179.00,695550.11,Imported from reconciled sales workbook (parkgroup_recon)
416,BR1,709,SC/2026/00328,signed,2024-06-17,,1853897.00,185389.70,834254.97,no_invoices,,Dmitry Zhorov,+79219322202,dzhorov@mail.ru,4,1853897.00,834254.97,Imported from reconciled sales workbook (parkgroup_recon)
417,BR1,710,SC/2026/00329,signed,2024-06-13,,1045366.00,104536.60,418209.16,no_invoices,,Nicolas Paphitis,+35799272511,nek.larnaka@hotmail.com,4,1045366.00,418209.16,Imported from reconciled sales workbook (parkgroup_recon)
418,BR1,711,SC/2026/00330,signed,2024-06-20,,1456709.00,145670.90,621810.10,no_invoices,,Sergei Mikhailenko,+9716230015,7603015@gmail.com,4,1456709.00,621810.10,Imported from reconciled sales workbook (parkgroup_recon)
419,BR1,712,SC/2026/00331,signed,2024-06-17,,1934761.00,193476.10,742476.20,no_invoices,,Maryam Ashkiani,+19496566025,ashkianimaryam@gmail.com,4,1934761.00,742476.20,Imported from reconciled sales workbook (parkgroup_recon)
420,BR1,713,SC/2026/00332,signed,2024-06-13,,1919546.00,191954.60,733500.38,no_invoices,,Maciej Pawel,+971585046012,Goldesthetic98@gmail.com,4,1919546.00,733500.38,Imported from reconciled sales workbook (parkgroup_recon)
245,BR2,101,SC/2026/00157,signed,2024-10-04,,2209581.10,220958.11,867736.93,no_invoices,,MACHIEL DE VRIES,+31642082999,dvbeleggingsmaatschappij@gmail.com,4,2209581.10,867736.93,Imported from reconciled sales workbook (parkgroup_recon)
246,BR2,102,SC/2026/00158,signed,2024-10-03,,1068670.56,106867.06,412073.33,no_invoices,,MARILIA GABRIELLA MAGALHAES DE LIMA,+971582474950,gabriellamagalhaes95@icloud.com,4,1068670.56,412073.33,Imported from reconciled sales workbook (parkgroup_recon)
247,BR2,103,SC/2026/00159,signed,2024-10-03,,1669440.53,166944.05,523526.57,no_invoices,,LAMIN GORGUI BARROW,+971582092962,L.barrow@afdb.org,4,1669440.53,523526.57,Imported from reconciled sales workbook (parkgroup_recon)
248,BR2,104,SC/2026/00160,signed,2025-03-24,,1024867.09,,374950.97,no_invoices,,AZEDINE TLECANI,+33632535758,azedine.tlemcani@gmail.com,4,1024867.10,374950.98,Imported from reconciled sales workbook (parkgroup_recon)
249,BR2,105,SC/2026/00161,signed,2024-10-01,,1032308.49,103230.85,115231.06,no_invoices,,NUER MAIERDAN & Xiaohui Zhou,+971585566886,morden113322@gmail.com,2,1032308.49,115231.06,Imported from reconciled sales workbook (parkgroup_recon)
250,BR2,106,SC/2026/00162,signed,2024-10-03,,1565486.88,156548.69,1634106.01,no_invoices,,DENIS POTCOLINA,+79858423989,potcal@yandex.ru,3,1634106.01,1634106.01,Imported from reconciled sales workbook (parkgroup_recon)
251,BR2,107,SC/2026/00163,signed,2024-10-02,,1065901.66,106590.17,411066.09,no_invoices,,HAITHAM AHMED KHAYYAT,+966504671888,H@el-khayyat.com,4,1065901.66,411066.09,Imported from reconciled sales workbook (parkgroup_recon)
252,BR2,108,SC/2026/00164,signed,2024-10-02,,1068949.99,106895.00,465649.43,no_invoices,,KEVIN SAMUEL PIOUSLIN VETHHAKKAN / LEVIN GAISSER PIOUSLIN VETHAKKAN,+447402081381,kevinpiouslin@gmail.com,4,1068950.00,465649.43,Imported from reconciled sales workbook (parkgroup_recon)
253,BR2,109,SC/2026/00165,signed,2026-10-05,,2063400.88,206340.09,538680.10,no_invoices,,Robin Dahwan,+919717711133,Robindhawan06@gmail.com,2,2063400.88,538680.10,Imported from reconciled sales workbook (parkgroup_recon)
254,BR2,201,SC/2026/00166,signed,2025-01-09,,2228129.45,222812.95,941802.91,no_invoices,,ARTA MIRHOSSEINI,+17253080005,artawwww@gmail.com,4,2228129.45,941802.91,Imported from reconciled sales workbook (parkgroup_recon)
255,BR2,202,SC/2026/00167,signed,2024-10-03,,1076395.99,107639.60,361284.63,no_invoices,,Nicholas Kenneth Walker,+447737749566,investmentsknj@gmail.com,4,1076395.99,361284.63,Imported from reconciled sales workbook (parkgroup_recon)
256,BR2,203,SC/2026/00168,signed,2024-10-14,,1049857.46,104985.75,446943.13,no_invoices,,RANA FAWAZ ASSAF ARABI,+971527898833,xs.8833.xs@gmail.com,4,1049857.47,446943.13,Imported from reconciled sales workbook (parkgroup_recon)
257,BR2,204,SC/2026/00169,signed,2024-10-02,,1057707.58,105770.76,349299.16,no_invoices,,"YAKOV SHIMONOV , Ella Shimonov",+972506705067,yakovshi5@gmail.com,4,1057707.59,349299.16,Imported from reconciled sales workbook (parkgroup_recon)
258,BR2,205,SC/2026/00170,signed,2026-10-05,,1049069.01,104906.90,530536.09,no_invoices,,RUSTEM ENIKEEV,+79279200040,89279200040@mail.ru,4,1049069.00,530536.09,Imported from reconciled sales workbook (parkgroup_recon)
259,BR2,206,SC/2026/00171,signed,2025-01-11,,2682864.63,268286.46,1341433.00,no_invoices,,FAHAD SANA UL HAQ \EMAD SANA UL HAQ\SAAD SANA UL HAQ,+971551064857,haqsons@eim.ae,4,2682864.63,1341433.00,Imported from reconciled sales workbook (parkgroup_recon)
260,BR2,207,SC/2026/00172,signed,2025-04-14,,2336399.86,233639.99,473280.20,no_invoices,,Mustafa Daglioglu,+905309359368,mustafadaglioglu01@gmail.com,2,2336399.86,473280.20,Imported from reconciled sales workbook (parkgroup_recon)
261,BR2,208,SC/2026/00173,signed,2024-10-01,,1056596.21,105659.62,353379.95,no_invoices,,JIANAN XIAO,+8615271907080,xjn45@163.com,4,1056596.21,353379.95,Imported from reconciled sales workbook (parkgroup_recon)
262,BR2,209,SC/2026/00174,signed,2024-10-03,,1571136.53,157113.65,665273.42,no_invoices,,"FAZILA GAUHAR , ARMAND SARKIZIANS",+971509628494,armand.sarkizians@gmail.com,4,1571136.53,665273.42,Imported from reconciled sales workbook (parkgroup_recon)
263,BR2,210,SC/2026/00175,signed,2024-10-03,,1073654.85,107365.49,456764.53,no_invoices,,HASSAN ENJ,+491712355424,omid@papaenj.de,4,1073654.86,456764.53,Imported from reconciled sales workbook (parkgroup_recon)
264,BR2,211,SC/2026/00176,signed,2025-01-07,,2108798.59,210879.86,938914.11,no_invoices,,AFRAM IYAD ANTON HANNA,`+46722528231,Affe_hanna2000@hotmail.com,4,2108798.59,938914.11,Imported from reconciled sales workbook (parkgroup_recon)
265,BR2,301,SC/2026/00177,signed,2025-01-20,,2220874.58,222087.46,444185.00,no_invoices,,ALI RAAD HASHIM ALAZERJI,+9647710273729,aliraad1995a@gmail.com,2,2220874.58,444185.00,Imported from reconciled sales workbook (parkgroup_recon)
266,BR2,302,SC/2026/00178,signed,2024-10-15,,1086655.51,108665.55,462396.78,no_invoices,,HALIL ERSEVEN,+905334359941,herseven1@gmail.com,4,1086655.50,462396.78,Imported from reconciled sales workbook (parkgroup_recon)
267,BR2,303,SC/2026/00179,signed,2024-10-01,,1705180.58,170518.06,722182.57,no_invoices,,PATRYCJA RADUSZEWSKA,+447359410184,Praduszewska1@yahoo.com,4,1705180.59,722182.57,Imported from reconciled sales workbook (parkgroup_recon)
268,BR2,304,SC/2026/00180,signed,2026-10-05,,1057169.93,105716.99,269721.01,no_invoices,,MENGWEI JI,+971545931886,juxiangxiaojie@gmail.com,2,1057169.93,269721.01,Imported from reconciled sales workbook (parkgroup_recon)
269,BR2,305,SC/2026/00181,signed,2026-01-15,,2648141.92,264814.19,985812.17,no_invoices,,Kishore Iyadurai,85260855155,LARWINSTEVE@GMAIL.COM,4,2648141.91,985812.17,Imported from reconciled sales workbook (parkgroup_recon)
270,BR2,306,SC/2026/00182,signed,2024-10-03,,1089703.63,108970.36,463674.83,no_invoices,,JOHNNY HANNA,+971564612386,Johnny.hanna@live.com,4,1089703.63,463674.83,Imported from reconciled sales workbook (parkgroup_recon)
271,BR2,307,SC/2026/00183,signed,2024-10-01,,1113253.56,111325.36,406771.81,no_invoices,,AHMED TAHA LAISSAOUI,+358409051221,taha.laissaoui@gmail.com,4,1113253.57,406771.81,Imported from reconciled sales workbook (parkgroup_recon)
272,BR2,308,SC/2026/00184,signed,2024-10-02,,1085684.60,108568.46,464990.23,no_invoices,,MALAZ ABDULROUF MAJZOUB MOHAMMED ALI,+966509904236,malazmjzoob@hotmail.com,4,1085684.60,464990.23,Imported from reconciled sales workbook (parkgroup_recon)
273,BR2,309,SC/2026/00185,signed,2025-10-14,,2714486.20,271448.62,827747.91,no_invoices,,Ian Richard Watson / Gurmuke John Singh,+447748948502,ian.watson@accountsrus.com,4,2714486.20,827747.91,Imported from reconciled sales workbook (parkgroup_recon)
274,BR2,310,SC/2026/00186,signed,2024-10-02,,1048437.17,104843.72,446415.43,no_invoices,,MOHAMMED JASSIM MOHAMMED AL FATLAWI,+971502261059,mbj2080@gmail.com,4,1048437.17,446415.43,Imported from reconciled sales workbook (parkgroup_recon)
275,BR2,311,SC/2026/00187,signed,2026-10-05,,1646674.85,164667.49,631736.35,no_invoices,,YOUSUFI ASGARALI USTAD / MAHEJABEEN YOUSUFI USTAD,+971504819047,yaustad@gmail.com,4,1646674.86,631736.35,Imported from reconciled sales workbook (parkgroup_recon)
276,BR2,312,SC/2026/00188,signed,2024-09-30,,1083839.67,108383.97,428695.80,no_invoices,,JYOTISMAN DASGUPTA,+971559855052,jyotisman@gmail.com,4,1083839.67,428695.80,Imported from reconciled sales workbook (parkgroup_recon)
277,BR2,313,SC/2026/00189,signed,2026-10-05,,1112672.31,111267.23,473887.43,no_invoices,,SHADI DIAB / MUSTAFA ABU RUMI,+972528732048,drshadi48@gmail.com,4,1112672.31,473887.43,Imported from reconciled sales workbook (parkgroup_recon)
278,BR2,314,SC/2026/00190,signed,2024-10-02,,1977879.09,197787.91,718038.53,no_invoices,,Chitalwala Naseema Hakimuddin / RAJAB ALI MUKADAM / HASAN ABUZER TATA WALA / MOHAMMAD LOKHANDWALA,+971551567811,naseemac@gmail.com,4,1977879.09,718038.53,Imported from reconciled sales workbook (parkgroup_recon)
279,BR2,401,SC/2026/00191,signed,2024-11-14,,2327713.92,232771.39,960377.33,no_invoices,,NAHIBUR ALOM,+447983767406,n-alom@hotmail.com,4,2327713.91,960377.33,Imported from reconciled sales workbook (parkgroup_recon)
280,BR2,402,SC/2026/00192,signed,2024-10-02,,1094486.68,109448.67,477179.18,no_invoices,,AZIZ OZAN OZTURK,+905309443777,azizozanozturk@gmail.com,4,1094486.68,477179.18,Imported from reconciled sales workbook (parkgroup_recon)
281,BR2,403,SC/2026/00193,signed,2024-10-12,,1066325.82,106632.58,443192.01,no_invoices,,ABDULLA RASHED ALRAYYEL ALHEBSI,+971505533744,rayyeel@gmail.com,4,1066325.82,443192.01,Imported from reconciled sales workbook (parkgroup_recon)
282,BR2,404,SC/2026/00194,signed,2024-09-30,,1074159.68,107415.97,445956.92,no_invoices,,SVETLANA MITROFANOVA,+76951377723,svetlana_m@list.ru,4,1074159.69,445956.92,Imported from reconciled sales workbook (parkgroup_recon)
283,BR2,405,SC/2026/00195,signed,2024-09-30,,1065270.84,106527.08,442765.48,no_invoices,,MON MYAT THU,+971521911528,miley.mon93@gmail.com,4,1065270.84,442765.48,Imported from reconciled sales workbook (parkgroup_recon)
284,BR2,406,SC/2026/00196,signed,2024-09-30,,2385818.05,238581.80,936467.97,no_invoices,,MON MYAT THU,+971521911528,miley.mon93@gmail.com,4,2385818.05,936467.97,Imported from reconciled sales workbook (parkgroup_recon)
285,BR2,407,SC/2026/00197,signed,2024-10-01,,1098366.64,109836.66,466961.87,no_invoices,,MATHEW WILLIAM DANIEL,+447758514946,Mattnoten@aol.com,4,1098366.63,466961.87,Imported from reconciled sales workbook (parkgroup_recon)
286,BR2,408,SC/2026/00198,signed,2024-10-01,,1120574.31,112057.43,444414.38,no_invoices,,STEVEN EDWARD O'DONBELL MCLEAN,+447854347067,Stevenmclean91@gmail.com,4,1120574.30,444414.38,Imported from reconciled sales workbook (parkgroup_recon)
287,BR2,409,SC/2026/00199,signed,2024-10-14,,2790850.54,279085.05,979912.54,no_invoices,,MOSES EMMANUEL OLUCHI ANYAEGBU,+13024800040,anyaegbum@gmail.com,4,2790850.54,979912.54,Imported from reconciled sales workbook (parkgroup_recon)
288,BR2,410,SC/2026/00200,signed,2024-10-07,,1056596.21,105659.62,375806.63,no_invoices,,HASAN ABDULLA HASAN ALDOOBI ALSHEHHI,+971506276201,nader1989@hotmail.com,4,1056596.20,375806.63,Imported from reconciled sales workbook (parkgroup_recon)
289,BR2,411,SC/2026/00201,signed,2024-10-01,,1601666.64,160166.66,694220.81,no_invoices,,JAMES FRANCIS ARMSTRONG / ALICE MARGARET ARMSTRONG,+447551060702,j.armstrong@james-ltd.co.uk,4,1601666.63,694220.81,Imported from reconciled sales workbook (parkgroup_recon)
290,BR2,412,SC/2026/00202,signed,2024-10-02,,1091569.00,109156.90,376723.42,no_invoices,,MARIJANA BODVANSKI,+38169116002,marijana.bodvanski@gmail.com,4,1091569.00,376723.42,Imported from reconciled sales workbook (parkgroup_recon)
291,BR2,413,SC/2026/00203,signed,2026-10-05,,1137766.86,113776.69,574897.00,no_invoices,,RAMIN KHEZRIAN,+989121041710,Raminkhezrian@yahoo.com,4,1137766.86,574897.00,Imported from reconciled sales workbook (parkgroup_recon)
292,BR2,414,SC/2026/00204,signed,2024-10-01,,2229692.16,222969.22,967763.21,no_invoices,,KIM SANDRA NAULLS / Andrew Bines,+447908841304,Kim.naulls@icloud.com,4,2229692.16,967763.21,Imported from reconciled sales workbook (parkgroup_recon)
293,BR2,501,SC/2026/00205,signed,2024-09-30,,2341875.46,234187.55,989585.67,no_invoices,,FRANCISCUS ANTONIUS JACOBUS MARIA VAN BAAL,+66819192300,frankvanbaal@mac.com,4,2341875.46,989585.67,Imported from reconciled sales workbook (parkgroup_recon)
294,BR2,502,SC/2026/00206,signed,2024-10-15,,1103532.03,110353.20,469483.18,no_invoices,,HALIL ERSEVEN,+905334359941,herseven1@gmail.com,4,1103532.03,469483.18,Imported from reconciled sales workbook (parkgroup_recon)
295,BR2,503,SC/2026/00207,signed,2024-09-30,,1106970.88,110697.09,437718.66,no_invoices,,MON MYAT THU,+971521911528,miley.mon93@gmail.com,4,1106970.88,437718.66,Imported from reconciled sales workbook (parkgroup_recon)
296,BR2,504,SC/2026/00208,signed,2024-10-01,,1049411.84,104941.18,457206.16,no_invoices,,STEVEN SPYROS HAVVAS,+7860359111,jada1979@hotmail.co.uk,4,1049411.83,457206.16,Imported from reconciled sales workbook (parkgroup_recon)
297,BR2,505,SC/2026/00209,signed,2024-10-03,,1073371.76,107337.18,349299.15,no_invoices,,"YAKOV SHIMONOV , Ella Shimonov",+972506705067,yakovshi5@gmail.com,4,1073371.76,349299.15,Imported from reconciled sales workbook (parkgroup_recon)
298,BR2,506,SC/2026/00210,signed,2024-10-03,,2705826.48,270582.65,1196565.67,no_invoices,,VEYIS DINCER,+90556627047,veyisdincer@gmail.com,4,2705826.49,1196565.67,Imported from reconciled sales workbook (parkgroup_recon)
299,BR2,507,SC/2026/00211,signed,2026-10-05,,1106947.63,110694.76,481903.23,no_invoices,,CHARLIE SAM HARRY GREEN / CHARLIE TOMILLERO,+447312255134,charlie@csgmp.com,4,1106947.63,481903.23,Imported from reconciled sales workbook (parkgroup_recon)
300,BR2,508,SC/2026/00212,signed,2024-10-01,,1116995.20,111699.52,475138.58,no_invoices,,JORDAN ARKLIE YOUNG,+447716812457,Jordany96@hotmail.co.uk,4,1116995.21,475138.58,Imported from reconciled sales workbook (parkgroup_recon)
301,BR2,509,SC/2026/00213,signed,2024-09-30,,2396879.04,239687.90,1060631.44,no_invoices,,RAPHAEL PHILLIPE DOMINIQUE FRANCOIS EMILLE GOUE,+33613265623,rg@euracific.com,4,2396879.04,1060631.44,Imported from reconciled sales workbook (parkgroup_recon)
302,BR2,510,SC/2026/00214,signed,2026-10-05,,1081073.34,108107.33,439967.13,no_invoices,,SEVIL GULIYEVA,+994502104515,Elvinhajili@gmail.com,4,1081073.34,439967.13,Imported from reconciled sales workbook (parkgroup_recon)
303,BR2,511,SC/2026/00215,signed,2024-10-01,,1679444.50,167944.45,711307.62,no_invoices,,ANDREW DAVID PAYNE / KAREN PAYNE,+7970669442,andrew@karsinvestments.co.uk,4,1679444.50,711307.62,Imported from reconciled sales workbook (parkgroup_recon)
304,BR2,512,SC/2026/00216,signed,2024-10-02,,1101903.66,110190.37,333532.78,no_invoices,,MOHAMMED ASSAHRAOUI,+31640932019,Mohamed.assahraoui@hotmail.com,4,1101903.67,333532.78,Imported from reconciled sales workbook (parkgroup_recon)
305,BR2,513,SC/2026/00217,signed,2024-10-02,,1105449.29,110544.93,325636.38,no_invoices,,MOHAMMED ASSAHRAOUI,+31640932019,Mohamed.assahraoui@hotmail.com,2,1105449.30,325636.38,Imported from reconciled sales workbook (parkgroup_recon)
306,BR2,514,SC/2026/00218,signed,2024-09-30,,1971308.04,197130.80,775693.12,no_invoices,,HAMIDA NASIR,+923002294064,arehmannasir@outlook.com,4,1971308.04,775693.12,Imported from reconciled sales workbook (parkgroup_recon)
307,BR2,515,SC/2026/00219,signed,2024-10-01,,2142300.18,214230.02,841497.37,no_invoices,,ANDREW HANLON,+557423265,Andy.hanlon@tps.group,4,2142300.19,841497.37,Imported from reconciled sales workbook (parkgroup_recon)
308,BR2,601,SC/2026/00220,signed,2024-10-03,,2346150.35,234615.03,897475.83,no_invoices,,HANNAH ELIZABETH LLOYD/BENJAMIN CHARLES EDWARD ILOYD,+447866447276,Hanbenlloyd@gmail.com,4,2346150.34,897475.83,Imported from reconciled sales workbook (parkgroup_recon)
309,BR2,602,SC/2026/00221,signed,2024-10-03,,1113821.89,111382.19,562857.43,no_invoices,,JAKOB GEERT JONGSMA,+31641486282,jakobgjongsma@gmail.com,4,1113821.90,562857.43,Imported from reconciled sales workbook (parkgroup_recon)
310,BR2,603,SC/2026/00222,signed,2024-10-03,,1115304.73,111530.47,409271.17,no_invoices,,YEKJAN YUZAL,+971502027029,yekjanyuzal@gmail.com,4,1115304.73,409271.17,Imported from reconciled sales workbook (parkgroup_recon)
311,BR2,604,SC/2026/00223,signed,2024-10-03,,1090890.57,109089.06,485988.10,no_invoices,,DMITRII GORBACHEV,+79031418181,9031418181@mail.ru,4,1090890.57,485988.10,Imported from reconciled sales workbook (parkgroup_recon)
312,BR2,605,SC/2026/00224,signed,2024-10-02,,1081472.68,108147.27,356885.72,no_invoices,,SANJEEV KATYAL,+9715588063978,Sanjeevkatyaldxb@hotmail.com,4,1081472.69,356885.72,Imported from reconciled sales workbook (parkgroup_recon)
313,BR2,606,SC/2026/00225,signed,2026-10-05,,2402792.00,240279.20,1207500.00,no_invoices,,ANDRII LEVRESHOV,+971543180034,home.dubai55@gmail.com,4,2402792.00,1207500.00,Imported from reconciled sales workbook (parkgroup_recon)
314,BR2,607,SC/2026/00226,signed,2024-10-02,,1138514.41,113851.44,327891.72,no_invoices,,IGOR MININ,+79818489020,Drobiii@yandex.ru,2,1138514.41,327891.72,Imported from reconciled sales workbook (parkgroup_recon)
315,BR2,608,SC/2026/00227,signed,2024-10-02,,1111330.69,111133.07,472771.47,no_invoices,,ZHAO YINGJIE,+9715852487812,2405388436@qq.com,4,1111330.70,472771.47,Imported from reconciled sales workbook (parkgroup_recon)
316,BR2,609,SC/2026/00228,signed,2024-10-31,,2438472.09,243847.21,1130657.83,no_invoices,,Karim ZENOUD,+639282774959,Silverorleadrecords@outlook.com,4,2438472.09,1130657.83,Imported from reconciled sales workbook (parkgroup_recon)
317,BR2,610,SC/2026/00229,signed,2024-09-30,,1072914.30,107291.43,459915.00,no_invoices,,SERGEI BORISOV,+79154307151,borisov-sa@bk.ru,4,1072914.30,459915.00,Imported from reconciled sales workbook (parkgroup_recon)
318,BR2,611,SC/2026/00230,signed,2024-10-03,,1578785.69,157878.57,479548.88,no_invoices,,RANA GUZELDAG,+905327443227,ranaguzeldag@gmail.com,4,1578785.70,479548.88,Imported from reconciled sales workbook (parkgroup_recon)
319,BR2,612,SC/2026/00231,signed,2024-10-03,,1109611.70,110961.17,455948.95,no_invoices,,SAM MARK BURVILL,+447831054703,Samburvill86@icloud.com,4,1109611.70,455948.95,Imported from reconciled sales workbook (parkgroup_recon)
320,BR2,613,SC/2026/00232,signed,2024-10-03,,2289386.87,228938.69,898860.26,no_invoices,,YEKJAN YUZAL,+971502027029,yekjanyuzal@gmail.com,4,2289386.86,898860.26,Imported from reconciled sales workbook (parkgroup_recon)
321,BR2,614,SC/2026/00233,signed,2024-10-02,,1182473.04,118247.30,249000.00,no_invoices,,"Abhinav Reddy Kalakonda , Sandeep reddy Ayereddy",+917032639932,Abhinav.rp14@gmail.com,2,1182473.04,249000.00,Imported from reconciled sales workbook (parkgroup_recon)
322,BR2,615,SC/2026/00234,signed,2024-10-02,,1234755.07,123475.51,450574.69,no_invoices,,RYAN ALAN BOOTH,+971585700448,ryanbooth1992@hotmail.com,4,1234755.07,450574.69,Imported from reconciled sales workbook (parkgroup_recon)
323,BR2,701,SC/2026/00235,signed,2024-10-01,,1100507.37,110050.74,479217.44,no_invoices,,"MELVIN EVERT KROON, JELLE SCHOLTENS",+31615660978,Melvin.kroon@hotmail.com,4,1100507.37,479217.44,Imported from reconciled sales workbook (parkgroup_recon)
324,BR2,702,SC/2026/00236,signed,2026-09-01,,1134369.77,113436.98,451911.52,no_invoices,,THOMAS DYLAN LAFFERTY CHISHOLM,+447424000492,Tomchisholm14@hotmail.com,4,1134369.77,451911.52,Imported from reconciled sales workbook (parkgroup_recon)
325,BR2,703,SC/2026/00237,signed,2026-10-05,,1099186.31,109918.63,467423.05,no_invoices,,"Anoeschka Babita Pahladsingh , Yasmin Celine Armouchi",+31641760824,Info@marbellahomeservice.es,4,1099186.31,467423.05,Imported from reconciled sales workbook (parkgroup_recon)
326,BR2,704,SC/2026/00238,signed,2026-10-05,,1089573.60,108957.36,463627.57,no_invoices,,SAMUEL PETER BEAUMONT,+971558638328,Sambeaumont0@googlemail.com,4,1089573.61,463627.57,Imported from reconciled sales workbook (parkgroup_recon)
327,BR2,706,SC/2026/00239,signed,2024-10-29,,2482931.66,248293.17,949513.94,no_invoices,,ANITHA RAVANESH,971585973838,anitharavanesh@gmail.com,4,2482931.66,949513.94,Imported from reconciled sales workbook (parkgroup_recon)
328,BR2,707,SC/2026/00240,signed,2024-10-03,,1097391.43,109739.14,477880.44,no_invoices,,"ORIT MORGAS BARNEA , GAD MOSHE BARNEA",+972502202993,Orit.barnea@gmail.com,4,1097391.43,477880.44,Imported from reconciled sales workbook (parkgroup_recon)
329,BR2,708,SC/2026/00241,signed,2024-11-15,,1594107.14,159410.71,595668.98,no_invoices,,"STEVEN LEE BURELL , GRACE BURRELL",+447304065689,steveandgrace@icloud.com,4,1594107.14,595668.98,Imported from reconciled sales workbook (parkgroup_recon)
330,BR2,710,SC/2026/00242,signed,2024-10-02,,1123304.47,112330.45,387922.99,no_invoices,,SONNY GAMER & VALERIE GAMER,+61401222467,phoenixcsl81@gmail.com,4,1123304.47,387922.99,Imported from reconciled sales workbook (parkgroup_recon)
331,BR2,711,SC/2026/00243,signed,2024-09-30,,2200432.84,220043.28,974182.44,no_invoices,,RAPHAEL PHILLIPE DOMINIQUE FRANCOIS EMILLE GOUE,+33613265623,rg@euracific.com,4,2200432.83,974182.44,Imported from reconciled sales workbook (parkgroup_recon)
332,BR2,712,SC/2026/00244,signed,2026-08-20,,2004099.76,200409.98,727271.18,no_invoices,,JONATHAN LUKE FORGERTY,+447710143780,jonathan@fogertygroup.com,4,2004099.76,727271.18,Imported from reconciled sales workbook (parkgroup_recon)
333,BR2,713,SC/2026/00245,signed,2026-10-05,,1136812.10,113681.21,426570.08,no_invoices,,"LIAM DAVID JOHN BARLETT , THOMAS JOE MALCOLM",+971585629570,Liam.bartlett50@gmail.com,4,1136812.10,426570.08,Imported from reconciled sales workbook (parkgroup_recon)
243,GOLF,302,SC/2026/00155,signed,2026-09-26,,1348069.10,,269615.00,no_invoices,,Bilal Gulamali,43,rafiqi4050@gmail.com,2,1348069.10,269615.00,Imported from reconciled sales workbook (parkgroup_recon)
244,GOLF,R01,SC/2026/00156,signed,2026-09-07,,4500000.00,,540001.13,no_invoices,,Yvonne Anakaur Musany,971,anakaurvony@gmail.com,2,4500000.00,540001.13,Imported from reconciled sales workbook (parkgroup_recon)
421,RES,201,SC/2026/00333,signed,2026-07-03,,870000.00,,17500.00,no_invoices,,Omer Ali Taher Adam,971588792483,omeraliomer727@gmail.com,2,870000.00,17500.00,Imported from reconciled sales workbook (parkgroup_recon)
422,RES,208,SC/2026/00334,signed,2026-05-24,,569679.41,,148720.12,no_invoices,,Sayed Feras,971566665959,ferassayed@gmail.com,2,569679.41,148720.12,Imported from reconciled sales workbook (parkgroup_recon)
423,RES,209,SC/2026/00335,signed,2026-08-13,,572176.63,,113264.07,no_invoices,,Abdolrazzagh Keramati,971559494798,sohailkeramati@gmail.com,2,572176.63,113264.07,Imported from reconciled sales workbook (parkgroup_recon)
424,RES,210,SC/2026/00336,signed,2026-05-17,,564060.65,,54500.00,no_invoices,,ALKHAIR ABDELAZEM,249127057579,Abdelazim.isam16@gmail.com,2,564060.65,54500.00,Imported from reconciled sales workbook (parkgroup_recon)
425,RES,211,SC/2026/00337,signed,2026-02-07,,575298.16,,85091.84,no_invoices,,ALKHAIR ABDELAZEM,249127057579,Abdelazim.isam16@gmail.com,2,575298.16,85091.84,Imported from reconciled sales workbook (parkgroup_recon)
426,RES,212,SC/2026/00338,signed,2026-02-24,,561095.20,,151323.02,no_invoices,,ABDUL QADIR MUHAMMAD SALEEM,971555644786,aqadir1981@gmail.com,2,561095.20,151323.02,Imported from reconciled sales workbook (parkgroup_recon)
427,RES,213,SC/2026/00339,signed,2026-05-20,,569991.56,,11400.00,no_invoices,,Tahmina Begum,,,2,569991.56,11400.00,Imported from reconciled sales workbook (parkgroup_recon)
428,RES,216,SC/2026/00340,signed,2026-03-18,,574205.63,,80000.00,no_invoices,,Mohamed Mohsen Korani Mohamed Mahmoud,966553140844,muhammedmuhsen93@gmail.com,2,574205.63,80000.00,Imported from reconciled sales workbook (parkgroup_recon)
429,RES,217,SC/2026/00341,signed,2026-08-22,,574049.55,,113700.00,no_invoices,,Ahlam Solaiman Mohammadi,971507346644,Ahlam.mo76@yahoo.com,2,574049.55,113700.00,Imported from reconciled sales workbook (parkgroup_recon)
430,RES,218,SC/2026/00342,signed,2026-08-22,,561875.58,,111600.00,no_invoices,,Shahnaz Mohammadyousef Abdoullahi,971505947995,nazi.4046@gmail.com,2,561875.58,111600.00,Imported from reconciled sales workbook (parkgroup_recon)
431,RES,302,SC/2026/00343,signed,2026-04-09,,980000.00,,25000.00,no_invoices,,Mahdi Noori,971504042357,noorimehdiart@gmail.com,2,980000.00,25000.00,Imported from reconciled sales workbook (parkgroup_recon)
432,RES,304,SC/2026/00344,signed,2026-02-06,,535105.76,,10740.00,no_invoices,,Nosheen Imran,971567939245,lubimkhas@gmail.com,2,535105.76,10740.00,Imported from reconciled sales workbook (parkgroup_recon)
433,RES,308,SC/2026/00345,signed,2026-07-27,,573608.23,,142222.00,no_invoices,,Mohammad Abedalaziz Hasan Yaseen,971558999511,ma.yasin.311@gmail.com,2,573608.23,142222.00,Imported from reconciled sales workbook (parkgroup_recon)
434,RES,309,SC/2026/00346,signed,2026-06-25,,576122.68,,46304.00,no_invoices,,Omer Mighani Bakhit Mohamed,971555736227,bakheet.omer@gmail.com,2,576122.68,46304.00,Imported from reconciled sales workbook (parkgroup_recon)
435,RES,310,SC/2026/00347,signed,2026-02-17,,567950.73,,152490.51,no_invoices,,ABID HUSSAIN ARSHAD ALI,971562778527,abidhocane@outlook.com,2,567950.73,152490.51,Imported from reconciled sales workbook (parkgroup_recon)
436,RES,311,SC/2026/00348,signed,2026-03-17,,579265.74,,139023.79,no_invoices,,David Vobornik,420774458697,dvobornik@gmail.com,2,579265.74,139023.79,Imported from reconciled sales workbook (parkgroup_recon)
437,RES,312,SC/2026/00349,signed,2026-03-25,,564964.82,,153590.49,no_invoices,,AMLESH KUMAR RAMESHWAR YADAV,971521541934,amleshkumar9585@gmail.com,2,564964.82,153590.49,Imported from reconciled sales workbook (parkgroup_recon)
438,RES,313,SC/2026/00350,signed,2026-06-22,,573922.54,,58612.97,no_invoices,,Husnain Iqbal Khan,971552511670,mehikhan@yahoo.com,2,573922.54,58612.97,Imported from reconciled sales workbook (parkgroup_recon)
439,RES,316,SC/2026/00351,signed,2026-07-07,,572704.06,,90453.19,no_invoices,,Mohammad Nasir Haidary,353894558889,mohammadnasirhidary@gmail.com,2,572704.06,90453.19,Imported from reconciled sales workbook (parkgroup_recon)
440,RES,317,SC/2026/00352,signed,2026-04-09,,520207.66,,337062.14,no_invoices,,Miroslav Racek,420604241039,Mir.racek@gmail.com,2,520207.66,337062.14,Imported from reconciled sales workbook (parkgroup_recon)
441,RES,318,SC/2026/00353,signed,2026-04-09,,509175.53,,328875.85,no_invoices,,Miroslav Racek,420604241039,Mir.racek@gmail.com,2,509175.53,328875.85,Imported from reconciled sales workbook (parkgroup_recon)
442,RES,401,SC/2026/00354,signed,2026-10-05,,980974.48,,0.00,no_invoices,,Muhammad Saad Nomani,923218909999,,1,980974.48,0,Imported from reconciled sales workbook (parkgroup_recon)
443,RES,402,SC/2026/00355,signed,2026-01-13,,1005032.66,,165960.00,no_invoices,,Farzanah Hossen,AJ,,2,1005032.66,165960.00,Imported from reconciled sales workbook (parkgroup_recon)
444,RES,404,SC/2026/00356,signed,2026-03-16,,511832.33,,122839.75,no_invoices,,Václav Kulich & Jana Vorudova,420724366621,vasek.kulich@gmail.com;,2,511832.33,122839.75,Imported from reconciled sales workbook (parkgroup_recon)
445,RES,406,SC/2026/00357,signed,2026-03-13,,974616.03,,435978.82,no_invoices,,Pavel Melek,420777874266,info@pavelmelek.cz,2,974616.03,435978.82,Imported from reconciled sales workbook (parkgroup_recon)
446,RES,407,SC/2026/00358,signed,2026-01-21,,996371.30,,239129.10,no_invoices,,Ladislav Koubek,420777668473,l.koubek@gmail.com,2,996371.30,239129.10,Imported from reconciled sales workbook (parkgroup_recon)
447,RES,408,SC/2026/00359,signed,2026-03-18,,548660.20,,131117.20,no_invoices,,Aneta Trzicka,420604823110,trzickyjakub@gmail.com,2,548660.20,131117.20,Imported from reconciled sales workbook (parkgroup_recon)
448,RES,409,SC/2026/00360,signed,2026-03-16,,551065.29,,143246.90,no_invoices,,Radek Jagr,420603279644,radek.jagr@jesenickastavebni.cz,2,551065.29,143246.90,Imported from reconciled sales workbook (parkgroup_recon)
449,RES,410,SC/2026/00361,signed,2026-03-17,,543248.76,,135812.20,no_invoices,,Jiri Krejci,420728978793,jirka.krejci90@gmail.com,2,543248.76,135812.20,Imported from reconciled sales workbook (parkgroup_recon)
450,RES,411,SC/2026/00362,signed,2026-01-19,,554071.64,,109970.00,no_invoices,,Vojtech Krotil,420728803838,krotil96@seznam.cz,2,554071.64,109970.00,Imported from reconciled sales workbook (parkgroup_recon)
451,RES,412,SC/2026/00363,signed,2026-01-14,,540392.72,,108078.54,no_invoices,,Plamen Petrov,420777778357,info@vip-klima.cz,2,540392.72,108078.54,Imported from reconciled sales workbook (parkgroup_recon)
452,RES,413,SC/2026/00364,signed,2026-03-14,,520068.16,,260034.08,no_invoices,,Iva Janickova,420605720890,i.janickova@seznam.cz,2,520068.16,260034.08,Imported from reconciled sales workbook (parkgroup_recon)
453,RES,416,SC/2026/00365,signed,2026-03-17,,553019.42,,132724.64,no_invoices,,David Vobornik,420774458697,dvobornik@gmail.com,2,553019.42,132724.64,Imported from reconciled sales workbook (parkgroup_recon)
454,RES,417,SC/2026/00366,signed,2026-03-17,,552869.10,,143745.96,no_invoices,,Miroslav Merinsky,971588691297,miroslav.merinsky@gmail.com,2,552869.10,143745.96,Imported from reconciled sales workbook (parkgroup_recon)
455,RES,418,SC/2026/00367,signed,2026-03-17,,541144.31,,129874.62,no_invoices,,Jitka Zieba,4915223392696,jitka.zieba@gmail.com,2,541144.31,129874.62,Imported from reconciled sales workbook (parkgroup_recon)
456,RES,501,SC/2026/00368,signed,2026-09-01,,910000.00,,222900.00,no_invoices,,Muhammad Usman,17348900342,docusman87@gmail.com,2,910000.00,222900.00,Imported from reconciled sales workbook (parkgroup_recon)
457,RES,502,SC/2026/00369,signed,2026-05-06,,970200.00,,78808.00,no_invoices,,Nashwan Darwish Taalo Taalo,491796780176,salwan.alkuti@gmx.de,2,970200.00,78808.00,Imported from reconciled sales workbook (parkgroup_recon)
458,RES,504,SC/2026/00370,signed,2026-03-16,,542435.98,,130184.64,no_invoices,,Petr Hora,420731412308,horapetr@seznam.cz,2,542435.98,130184.64,Imported from reconciled sales workbook (parkgroup_recon)
459,RES,505,SC/2026/00371,signed,2026-05-06,,975150.00,,81492.22,no_invoices,,Nashwan Darwish Taalo Taalo,491796780176,salwan.alkuti@gmx.de,2,975150.00,81492.22,Imported from reconciled sales workbook (parkgroup_recon)
460,RES,508,SC/2026/00372,signed,2026-06-29,,581465.88,,34894.00,no_invoices,,Rana Elmoaz Yousif Elamin,14372149677,elamin.rana@yahoo.com,2,581465.88,34894.00,Imported from reconciled sales workbook (parkgroup_recon)
461,RES,509,SC/2026/00373,signed,2026-05-06,,584014.77,,74807.11,no_invoices,,Gustavo Martin Villoldo,5491156164207,gvilloldo2012@gmail.com,2,584014.77,74807.11,Imported from reconciled sales workbook (parkgroup_recon)
462,RES,510,SC/2026/00374,signed,2026-02-23,,572704.06,,160723.47,no_invoices,,Muhammad Imran,,,2,572704.06,160723.47,Imported from reconciled sales workbook (parkgroup_recon)
463,RES,511,SC/2026/00375,signed,2026-05-20,,594346.48,,111538.69,no_invoices,,RICCARDO CREMON,971524725411,cremonriccardo@yahoo.com,2,594346.48,111538.69,Imported from reconciled sales workbook (parkgroup_recon)
464,RES,512,SC/2026/00376,signed,2026-09-16,,572704.06,,83044.71,no_invoices,,JABOR MOHAMED A J AL NUAIMI,97455852277,j.nuaimi@yahoo.com,2,572704.06,83044.71,Imported from reconciled sales workbook (parkgroup_recon)
465,RES,513,SC/2026/00377,signed,2026-01-07,,581784.49,,116356.22,no_invoices,,Usha Rajiv Malhotra,971504879371,rajmalhot81@gmail.com,2,581784.49,116356.22,Imported from reconciled sales workbook (parkgroup_recon)
466,RES,516,SC/2026/00378,signed,2026-06-25,,586085.74,,104183.27,no_invoices,,Vitali Leudanski,375297075547,julia_voropayeva@mail.ru,2,586085.74,104183.27,Imported from reconciled sales workbook (parkgroup_recon)
467,RES,517,SC/2026/00379,signed,2026-06-16,,574207.91,,42420.40,no_invoices,,Hamza Nouradine,33603752546,nouradinehamza@gmail.com,2,574207.91,42420.40,Imported from reconciled sales workbook (parkgroup_recon)
468,RES,518,SC/2026/00380,signed,2026-08-11,,573500.59,,63086.00,no_invoices,,Roman Holod,385998603319,romanholod94@gmail.com,2,573500.59,63086.00,Imported from reconciled sales workbook (parkgroup_recon)
469,RES,519,SC/2026/00381,signed,2026-07-14,,589271.86,,29500.00,no_invoices,,Khadija Rahimi,4917670102132,khadijahrahimi32@gmail.com,2,589271.86,29500.00,Imported from reconciled sales workbook (parkgroup_recon)
470,RES,520,SC/2026/00382,signed,2026-03-22,,532925.43,,266463.00,no_invoices,,Sameera Javed (NSN),16473369922,sameera.javed@yahoo.com,2,532925.43,266463.00,Imported from reconciled sales workbook (parkgroup_recon)
