proj,wb_proj,unit_raw,key,floor_raw,type_raw,status,client,nat,contact,email,list,disc,sold,psf,admin,total,oqood,spa,spa_date,resv,rf,broker,size,unit_type,odoo_id,in_odoo,wb2_import
GOLF,PGV,101,101,1,2 BHK,Available,,0,,,1242983.0,0.0,1242983.0,1225.0,,1242983.0,,,,,,,1014.68,2br,833,yes,no
GOLF,PGV,102,102,1,2 BHK,Available,,0,,,1296020.1,0.0,1296020.1,1245.0,,1296020.1,,,,,,,1040.98,2br,834,yes,no
GOLF,PGV,103,103,1,2 BHK,Available,,0,,,1339602.6,0.0,1339602.6,1140.0,,1339602.6,,,,,,,1175.09,2br,835,yes,no
GOLF,PGV,104,104,1,STUDIO,Available,,0,,,711848.8,0.0,711848.8,1040.0,,711848.8,,,,,,,684.47,studio,836,yes,no
GOLF,PGV,201,201,2,2 BHK,Available,,0,,,1268350.0,0.0,1268350.0,1250.0,,1268350.0,,,,,,,1014.68,2br,837,yes,no
GOLF,PGV,202,202,2,2 BHK,Available,,0,,,1316839.7,0.0,1316839.7,1265.0,,1316839.7,,,,,,,1040.98,2br,838,yes,no
GOLF,PGV,203,203,2,2 BHK,Available,,0,,,1363104.4,0.0,1363104.4,1160.0,,1363104.4,,,,,,,1175.09,2br,839,yes,no
GOLF,PGV,204,204,2,STUDIO,Available,,0,,,732382.9,0.0,732382.9,1070.0,,732382.9,,,,,,,684.47,studio,840,yes,no
GOLF,PGV,301,301,3,2 BHK,Available,,0,,,1293717.0,0.0,1293717.0,1275.0,,1293717.0,,,,,,,1014.68,2br,,NO,no
GOLF,PGV,302,302,3,2 BHK,Sold,Bilal Gulamali,Ostere,43 676 9609812,rafiqi4050@gmail.com,1348069.1,0.0,1348069.1,1295.0,,1348069.1,,,,26.09.2026,26.09.2026,Rasso Real Estate LLC S.O.C,1040.98,2br,,NO,yes
GOLF,PGV,303,303,3,2 BHK,Available,,0,,,1386606.2,0.0,1386606.2,1180.0,,1386606.2,,,,,,,1175.09,2br,,NO,no
GOLF,PGV,304,304,3,STUDIO,Available,,0,,,752917.0,0.0,752917.0,1100.0,,752917.0,,,,,,,684.47,studio,,NO,no
GOLF,PGV,401,401,4,2 BHK,Available,a,0,a,,1319084.0,0.0,1319084.0,1300.0,,1319084.0,,,,,,,1014.68,2br,,NO,no
GOLF,PGV,402,402,4,2 BHK,Available,a,NJDJU,,,1374093.6,0.0,1374093.6,1320.0,,1374093.6,,,,,,,1040.98,2br,,NO,no
GOLF,PGV,403,403,4,2 BHK,Available,a,0,,,1410108.0,0.0,1410108.0,1200.0,,1410108.0,,,,,,,1175.09,2br,,NO,no
GOLF,PGV,404,404,4,STUDIO 1,Available,a,0,,,838475.75,0.0,838475.75,1225.0,,838475.75,,,,,,,684.47,studio,,NO,no
GOLF,PGV,G01,G01,G,3 BHK,Available,a,0,,,4914080.0,0.0,4914080.0,1000.0,,4914080.0,,,,,,,4914.08,3br,,NO,no
GOLF,PGV,R01,R01,R,3 BHK,Sold,Yvonne Anakaur Musany,Congo,971 50 462 3342,anakaurvony@gmail.com,4615222.5,115222.5,4500000.0,1050.0,,4500000.0,,,,07.09.2026,07.09.2026,Marvic Real Estate,4395.45,3br,,NO,yes
BR2,PBR2,Unit 101,101,1,1 BED,Sold,MACHIEL DE VRIES,Netherlands,+31642082999,dvbeleggingsmaatschappij@gmail.com,2209581.1,0.0,2209581.1,1310.0,6000.0,2215581.1,,BINDED,,2024-10-04 00:00:00,Signed,Skyluxe Real Estate,1686.70313,1br,1146,yes,yes
BR2,PBR2,Unit 102,102,1,STUDIO,Sold,MARILIA GABRIELLA MAGALHAES DE LIMA,ESPANOLA,+971582474950,gabriellamagalhaes95@icloud.com,1068670.561,0.0,1068670.561,2360.0,0.0,1068670.56,,BINDED,2024-10-03 00:00:00,2024-10-03 00:00:00,Signed,Whitewill Real Estate,452.8265091,studio,1147,yes,yes
BR2,PBR2,Unit 103,103,1,1 BED,Sold,LAMIN GORGUI BARROW,NIGERIA,+971582092962,L.barrow@afdb.org,1669440.525,0.0,1669440.525,1875.0,6000.0,1675440.52,,BINDED,,2024-10-03 00:00:00,Signed,Tanami Properites,890.3682802,1br,1148,yes,yes
BR2,PBR2,Unit 104,104,1,STUDIO,Sold,AZEDINE TLECANI,FRENCH,+33632535758,azedine.tlemcani@gmail.com,1024867.09,0.0,1024867.09,2570.0,0.0,1024867.09,,BINDED,,2025-03-24 00:00:00,Signed,Seeniun Propertes,398.8,studio,1149,yes,no
BR2,PBR2,Unit 105,105,1,STUDIO,Sold,NUER MAIERDAN & Xiaohui Zhou,CHINESE,+971585566886,morden113322@gmail.com / zxh67890@gmail.com,1032308.493,0.0,1032308.493,2570.0,0.0,1032308.49,,BINDED,,2024-10-01 00:00:00,Signed,Seeniun Propertes,401.6764563,studio,1150,yes,yes
BR2,PBR2,Unit 106,106,1,1 BED,Sold,DENIS POTCOLINA,RUSSIAN,+79858423989,potcal@yandex.ru,1613904.0,48417.12,1565486.88,1970.0,3000.0,1568486.88,,BINDED,,2024-10-03 00:00:00,Signed,A1 Properties,819.240429,1br,1151,yes,yes
BR2,PBR2,Unit 107,107,1,STUDIO,Sold,HAITHAM AHMED KHAYYAT,KSA,+966504671888,H@el-khayyat.com,1065901.656,0.0,1065901.656,2360.0,6000.0,1071901.66,,BINDED,,2024-10-02 00:00:00,Signed,Primadom Real Estate,451.653244,studio,1152,yes,yes
BR2,PBR2,Unit 108,108,1,STUDIO,Sold,KEVIN SAMUEL PIOUSLIN VETHHAKKAN / LEVIN GAISSER PIOUSLIN VETHAKKAN,BRITISH,+447402081381,kevinpiouslin@gmail.com / levinpiouslin@gmail.com,1068949.992,0.0,1068949.992,2360.0,6000.0,1074949.99,,BINDED,2024-10-02 00:00:00,2024-10-02 00:00:00,Signed,Tanami Properites,452.944912,studio,1153,yes,yes
BR2,PBR2,Unit 109,109,1,1 BED,Sold,Robin Dahwan,Indian,+919717711133,Robindhawan06@gmail.com,2063400.88,0.0,2063400.88,1800.0,0.0,2063400.88,,BINDED,,"26 Oct 2024
with a requesting for a Transfer Including the SPA Copy and unit number mentioned the project name
List of requirements for and induvial:
•         RERA transfer request form filled and stamped by the developer
•        Old SPA Copy
•        new SPA copy
•        Valid Passport Copies for both Seller and Buyer or Emirates ID (If Resident).
•        Old Oqood Certificate
•        NOC for Transfer from the Developer
•        The Excel Sheet filled will all data required.
If the byer of the unit is a Company, then we require the additional documents:
•        Valid Trade License.
•         MOA / AOA
•        Incumbency Letter
•        NOC of Ownership
•        POA of the Signatory attested
•        Good Standing Certificate
If the transfer of the unit is in Case of Inheritance, then we require the additional documents:
•         Executed SPA
•        Oqood Certificate
•        Passport copy of the current (deceased) buyer
•        Passport copy of the new buyer (heir)
•        Signed Contract Transfer Request Form (by the new buyer/heir)
•        Inheritance document attested by UAE Courts
•        Death Certificate of the current buyer (attested by MOFA)
•        Testament (attested by MOFA)
Upon receiving the email and verifying the above documents, a confirmation will be sent including the appointment date.
At the time of collecting oqood Certificate, the Developer must present the original versions of the following documents (copies will not be accepted):
- Original Oqood Certificate
- Original NOC
- Original RERA Transfer Request Form (stamped and signed by the Developer)
During the appointment (online call), the RERA representative will review and verify all original documents. Upon satisfactory verification, the transfer will be approved, and a payment order will be issued to the Developer.
Once the payment is completed, a new Oqood Certificate will be issued under the name of the new buyer, based on the new SPA.",Signed,Pearl Shine  Real Estate  L.L.C,1146.333822,1br,1154,yes,yes
BR2,PBR2,Unit 201,201,2,1 BED,Sold,ARTA MIRHOSSEINI,CANADA,+17253080005,artawwww@gmail.com,2228129.453,0.0,2228129.453,1380.0,0.0,2228129.45,,BINDED,2025-01-09 00:00:00,2025-01-09 00:00:00,Signed,Pro Ace Proparties,1614.58656,1br,1155,yes,yes
BR2,PBR2,Unit 202,202,2,STUDIO,Sold,Nicholas Kenneth Walker,BRITISH CITIZEN,+447737749566,investmentsknj@gmail.com,1076395.991,0.0,1076395.991,2380.0,0.0,1076395.99,,BINDED,,2024-10-03 00:00:00,Signed,White&Co Real Estate,452.2672233,studio,1156,yes,yes
BR2,PBR2,Unit 203,203,2,STUDIO,Sold,RANA FAWAZ ASSAF ARABI,JORDANIAN,+971527898833,xs.8833.xs@gmail.com,1049857.463,0.0,1049857.463,2550.0,3000.0,1052857.46,,BINDED,2024-10-14 00:00:00,2024-10-14 00:00:00,Signed,Nation Wide Excellency Middle East Properties,411.7088089,studio,1157,yes,yes
BR2,PBR2,Unit 204,204,2,STUDIO,Sold,"YAKOV SHIMONOV , Ella Shimonov",ISRAEL / ISRAEL,+972506705067,yakovshi5@gmail.com / ellashi511@gmail.com,1057707.583,0.0,1057707.583,2550.0,0.0,1057707.58,,BINDED,2024-10-02 00:00:00,03 OCT 2024,Signed,IOT Bonjours Technologies Est,414.7872873,studio,1158,yes,yes
BR2,PBR2,Unit 205,205,2,STUDIO,Sold,RUSTEM ENIKEEV,RUSSIAN,+79279200040,89279200040@mail.ru,1049069.006,0.0,1049069.006,2590.0,0.0,1049069.01,,BINDED,,02 OCT 2024,Signed,Wizi Properties LLC,405.0459484,studio,1159,yes,yes
BR2,PBR2,Unit 206,206,2,2 BED,Sold,FAHAD SANA UL HAQ \EMAD SANA UL HAQ\SAAD SANA UL HAQ,PAKISTANI,+971551064857\+971505679411\+971506556878,haqsons@eim.ae\ceo@hsproperty.ae\Saad86@hotmail.com,2682864.625,0.0,2682864.625,2120.0,0.0,2682864.62,,COUNTERSIGN,,2025-01-11 00:00:00,Signed,H&S Real Estate,1265.502182,2br,1160,yes,yes
BR2,PBR2,Unit 207,207,2,1 BED + STUDY,Sold,Mustafa Daglioglu,TURKISH,+905309359368,mustafadaglioglu01@gmail.com,2336399.86,0.0,2336399.86,1850.0,0.0,2336399.86,,COUNTERSIGN,,2025-04-14 00:00:00,Signed,Suna Properties LLC,1262.918843,1br,1161,yes,yes
BR2,PBR2,Unit 208,208,2,STUDIO,Sold,JIANAN XIAO,CHINESE,+8615271907080,xjn45@163.com,1056596.209,0.0,1056596.209,2590.0,0.0,1056596.21,,BINDED,,2024-10-01 00:00:00,Signed,Seeniun Propertes,407.9522042,studio,1162,yes,yes
BR2,PBR2,Unit 209,209,2,1 BED,Sold,"FAZILA GAUHAR , ARMAND SARKIZIANS",BRITISH CITIZEN,+971509628494,armand.sarkizians@gmail.com,1571136.529,0.0,1571136.529,2060.0,6000.0,1577136.53,,BINDED,2024-10-03 00:00:00,2024-10-03 00:00:00,Signed,Terra Elite,762.6876353,1br,1163,yes,yes
BR2,PBR2,Unit 210,210,2,STUDIO,Sold,HASSAN ENJ,DEUTSCH,+491712355424,omid@papaenj.de,1073654.854,0.0,1073654.854,2380.0,3000.0,1076654.85,,BINDED,2024-10-03 00:00:00,2024-10-03 00:00:00,Signed,A1 Properties,451.1154849,studio,1164,yes,yes
BR2,PBR2,Unit 211,211,2,1 BED,Sold,AFRAM IYAD ANTON HANNA,Swedan,`+46722528231,Affe_hanna2000@hotmail.com,2108798.589,0.0,2108798.589,1550.0,0.0,2108798.59,,BINDED,,2025-01-07 00:00:00,Signed,PARGON PROPPARITES,1360.515219,1br,1165,yes,yes
BR2,PBR2,Unit 212,212,2,1 BED,Available,,,,,2400230.925,0.0,2187652.0,1420.0,0.0,2187652.0,,,,,,,1540.584676,1br,1166,yes,no
BR2,PBR2,Unit 301,301,3,1 BED,Sold,ALI RAAD HASHIM ALAZERJI,IRAQ,+9647710273729,aliraad1995a@gmail.com,2220874.577,0.0,2220874.577,1420.0,0.0,2220874.58,,COUNTERSIGN,2025-01-20 00:00:00,2024-11-13 00:00:00,Signed,Bayut Aldar Real Estate,1563.996181,1br,1167,yes,yes
BR2,PBR2,Unit 302,302,3,STUDIO,Sold,HALIL ERSEVEN,TURKISH,+905334359941,herseven1@gmail.com,1086655.505,0.0,1086655.505,2400.0,6000.0,1092655.5,,BINDED,2024-10-15 00:00:00,02 OCT 2024,Signed,Fursat Al Omar Real Estate,452.7731271,studio,1168,yes,yes
BR2,PBR2,Unit 303,303,3,1 BED,Sold,PATRYCJA RADUSZEWSKA,POLISH,+447359410184,Praduszewska1@yahoo.com,1705180.581,0.0,1705180.581,1915.0,0.0,1705180.58,,BINDED,,2024-10-01 00:00:00,Signed,T Ash International Realty,890.4337239,1br,1169,yes,yes
BR2,PBR2,Unit 304,304,3,STUDIO,Sold,MENGWEI JI,Chinese,+971545931886,juxiangxiaojie@gmail.com / Jeffreylan888@163.com,1057169.925,0.0,1057169.925,2610.0,0.0,1057169.93,,BINDED,,02 OCT 2024,Signed,Seeniun Propertes,405.0459484,studio,1170,yes,yes
BR2,PBR2,Unit 305,305,3,2 BED,Sold,Kishore Iyadurai,China,85260855155,LARWINSTEVE@GMAIL.COM,2702185.629,54043.71259,2648141.917,2140.0,0.0,2648141.92,,BINDED,2026-01-15 00:00:00,2025-10-31 00:00:00,Signed,GOLDCREST REAL ESTATE L.L.C,1262.703565,2br,1171,yes,yes
BR2,PBR2,Unit 306,306,3,STUDIO,Sold,JOHNNY HANNA,LABANESE,+971564612386,Johnny.hanna@live.com,1089703.629,0.0,1089703.629,2540.0,3000.0,1092703.63,,BINDED,2024-10-03 00:00:00,03 OCT 2024,Signed,Nation Wide Excellency Middle Easte Propartes,429.0171768,studio,1172,yes,yes
BR2,PBR2,Unit 307,307,3,STUDIO,Sold,AHMED TAHA LAISSAOUI,FINLAND,+358409051221,taha.laissaoui@gmail.com,1113253.558,0.0,1113253.558,2490.0,0.0,1113253.56,,BINDED,2024-10-01 00:00:00,2024-10-01 00:00:00,Signed,Nation Wide Excellency Middle Easte Propartes,447.0897824,studio,1173,yes,yes
BR2,PBR2,Unit 308,308,3,STUDIO,Sold,MALAZ ABDULROUF MAJZOUB MOHAMMED ALI,SUDAN,+966509904236,malazmjzoob@hotmail.com,1085684.6,0.0,1085684.6,2540.0,2920.0,1088604.6,,BINDED,2024-10-02 00:00:00,2024-10-02 00:00:00,Signed,Nation Wide Excellency Middle Easte Propartes,427.434882,studio,1174,yes,yes
BR2,PBR2,Unit 309,309,3,2 BED,Sold,Ian Richard Watson / Gurmuke John Singh,British,+447748948502/+447748948502,ian.watson@accountsrus.com      johnsingh@dilshantransport.co.uk,2714486.196,0.0,2714486.196,2140.0,0.0,2714486.2,,BINDED,,2025-10-14 00:00:00,Signed,,1268.451493,2br,1175,yes,yes
BR2,PBR2,Unit 310,310,3,STUDIO,Sold,MOHAMMED JASSIM MOHAMMED AL FATLAWI,IRAQI,+971502261059,mbj2080@gmail.com,1048437.165,0.0,1048437.165,2570.0,3000.0,1051437.17,,BINDED,2024-10-02 00:00:00,02 OCT 2024,Signed,Proparties Exchange Real Estate,407.9522042,studio,1176,yes,yes
BR2,PBR2,Unit 311,311,3,1 BED,Sold,YOUSUFI ASGARALI USTAD / MAHEJABEEN YOUSUFI USTAD,INDIAN,+971504819047,yaustad@gmail.com / zahabiyahustad@gmail.com,1646674.853,0.0,1646674.853,2010.0,6000.0,1652674.85,,BINDED,,02 OCT 2024,Signed,H&S Real Estate,819.2412205,1br,1177,yes,yes
BR2,PBR2,Unit 312,312,3,STUDIO,Sold,JYOTISMAN  DASGUPTA,INDIAN,+971559855052,jyotisman@gmail.com / jayati.dasgupta@gmail.com,1083839.666,0.0,1083839.666,2400.0,3000.0,1086839.67,,BINDED,2024-09-30 00:00:00,30 SEP 2024,Signed,Palmera Elite Real Brokerage LLC,451.5998608,studio,1178,yes,yes
BR2,PBR2,Unit 313,313,3,STUDIO,Sold,SHADI DIAB / MUSTAFA ABU RUMI,ISRAEL,+972528732048,drshadi48@gmail.com / Mustafaaburumi972@gmail.com,1112672.307,0.0,1112672.307,2280.0,6000.0,1118672.31,,BINDED,,03 OCT 2024,Signed,Nova & Genesis Real Estate,488.0141697,studio,1179,yes,yes
BR2,PBR2,Unit 314,314,3,1 BED,Sold,Chitalwala Naseema Hakimuddin  / RAJAB ALI MUKADAM / HASAN ABUZER TATA WALA / MOHAMMAD LOKHANDWALA,INDIAN,+971551567811,naseemac@gmail.com / rajabalimukadam@gmail.com / hasantata2005@gmail.com / mohammadlokhand@gmail.com,1977879.085,0.0,1977879.085,1940.0,6000.0,1983879.08,,BINDED,2024-10-02 00:00:00,2024-10-14 00:00:00,Signed,H&S Real Estate,1019.525301,1br,1180,yes,yes
BR2,PBR2,Unit 401,401,4,1 BED,Sold,NAHIBUR ALOM,UK,+447983767406,n-alom@hotmail.com,2327713.923,0.0,2327713.923,1410.0,0.0,2327713.92,,BINDED,,2024-11-14 00:00:00,Signed,Skyluxe Real Estate Brokerage LLC,1650.860938,1br,1181,yes,yes
BR2,PBR2,Unit 402,402,4,1 BED,Sold,AZIZ OZAN OZTURK,TURKISH,+905309443777,azizozanozturk@gmail.com,1094486.68,0.0,1094486.68,2420.0,6000.0,1100486.68,,BINDED,2024-10-02 00:00:00,02 OCT 2024,Signed,Rich Roots Real Estate,452.2672233,1br,1182,yes,yes
BR2,PBR2,Unit 403,403,4,STUDIO,Sold,ABDULLA RASHED ALRAYYEL ALHEBSI,UNITED ARAB EMARITES,+971505533744,rayyeel@gmail.com,1066325.815,0.0,1066325.815,2590.0,6000.0,1072325.81,,BINDED,2024-10-12 00:00:00,2024-10-12 00:00:00,Signed,Nation Wide Excellency Middle Easte Proparites,411.7088089,studio,1183,yes,yes
BR2,PBR2,Unit 404,404,4,STUDIO,Sold,SVETLANA MITROFANOVA,RUSSIAN,+76951377723,svetlana_m@list.ru,1074159.681,0.0,1074159.681,2590.0,6000.0,1080159.68,,BINDED,,30 SEPT 2024,Signed,Inside Premium Properties LLC,414.7334677,studio,1184,yes,yes
BR2,PBR2,Unit 405,405,4,STUDIO,Sold,MON MYAT THU,MYANMAR,+971521911528,miley.mon93@gmail.com,1065270.844,0.0,1065270.844,2630.0,6000.0,1071270.84,,BINDED,2024-09-30 00:00:00,30 SEP 2024,Signed,H&S Real Estate,405.0459484,studio,1185,yes,yes
BR2,PBR2,Unit 406,406,4,1 BED + STUDY,Sold,MON MYAT THU,MYANMAR,+971521911528,miley.mon93@gmail.com,2385818.049,0.0,2385818.049,1890.0,6000.0,2391818.05,,BINDED,2024-09-30 00:00:00,30 SEP 2024,Signed,H&S Real Estate,1262.337592,1br,1186,yes,yes
BR2,PBR2,Unit 407,407,4,STUDIO,Sold,MATHEW WILLIAM DANIEL,BRITISH CITIZEN,+447758514946,Mattnoten@aol.com,1098366.639,0.0,1098366.639,2560.0,6000.0,1104366.64,,BINDED,2024-10-01 00:00:00,2024-10-01 00:00:00,Signed,T Ash International Realty,429.0494685,studio,1187,yes,yes
BR2,PBR2,Unit 408,408,4,STUDIO,Sold,STEVEN EDWARD O'DONBELL MCLEAN,BRITISH CITIZEN,+447854347067,Stevenmclean91@gmail.com,1120574.309,0.0,1120574.309,2510.0,0.0,1120574.31,,BINDED,,2024-10-01 00:00:00,Signed,T Ash International Realty,446.4439478,studio,1188,yes,yes
BR2,PBR2,Unit 409,409,4,2 BED,Sold,MOSES EMMANUEL OLUCHI ANYAEGBU,UNITED STATES OF AMERICA,+13024800040,anyaegbum@gmail.com,2790850.543,0.0,2790850.543,1765.0,6000.0,2796850.54,,BINDED,,2024-10-14 00:00:00,Signed,Light Luxury Real Estate,1581.218438,2br,1189,yes,yes
BR2,PBR2,Unit 410,410,4,STUDIO,Sold,HASAN ABDULLA HASAN ALDOOBI ALSHEHHI,UNITED ARAB EMARITES,+971506276201,nader1989@hotmail.com,1056596.209,0.0,1056596.209,2590.0,6000.0,1062596.21,,BINDED,,2024-10-07 00:00:00,Signed,Nation Wide Excellency Middle Easte Proparites,407.9522042,studio,1190,yes,yes
BR2,PBR2,Unit 411,411,4,1 BED,Sold,JAMES FRANCIS ARMSTRONG / ALICE MARGARET ARMSTRONG,BRITISH CITIZEN,+447551060702,j.armstrong@james-ltd.co.uk / ali020@hotmail.co.uk,1601666.638,0.0,1601666.638,2100.0,6000.0,1607666.64,,BINDED,2024-10-01 00:00:00,2024-10-01 00:00:00,Signed,T Ash International Realty,762.6983992,1br,1191,yes,yes
BR2,PBR2,Unit 412,412,4,STUDIO,Sold,MARIJANA BODVANSKI,SERBIA,+38169116002,marijana.bodvanski@gmail.com,1091569.0,0.0,1091569.0,2420.0,0.0,1091569.0,,BINDED,2024-10-02 00:00:00,2024-10-02 00:00:00,Signed,First Edition Realty,451.07,studio,1192,yes,yes
BR2,PBR2,Unit 413,413,4,STUDIO,Sold,RAMIN KHEZRIAN,IRAN,+989121041710,Raminkhezrian@yahoo.com,1137766.857,0.0,1137766.857,2230.0,0.0,1137766.86,,BINDED,,12 OCT 2024,Signed,Alf Kanz Real Estae Broker,510.209353,studio,1193,yes,yes
BR2,PBR2,Unit 414,414,4,1 BED,Sold,KIM SANDRA NAULLS / Andrew Bines,BRITISH CITIZEN,+447908841304/+447950599199,Kim.naulls@icloud.com/Bines_7@hotmail.com,2229692.157,0.0,2229692.157,1535.0,6000.0,2235692.16,,BINDED,2024-10-01 00:00:00,01 OCT 2024,Signed,T Ash International Realty,1452.568181,1br,1194,yes,yes
BR2,PBR2,Unit 501,501,5,1 BED,Sold,FRANCISCUS ANTONIUS JACOBUS MARIA VAN BAAL,NATHERLANDS,+66819192300,frankvanbaal@mac.com,2341875.461,0.0,2341875.461,1430.0,6000.0,2347875.46,,BINDED,2024-09-30 00:00:00,30 SEPT 2024,Signed,H&S Real Estate,1637.675148,1br,1195,yes,yes
BR2,PBR2,Unit 502,502,5,STUDIO,Sold,HALIL ERSEVEN,TURKISH,+905334359941,herseven1@gmail.com,1103532.025,0.0,1103532.025,2440.0,6000.0,1109532.02,,BINDED,2024-10-15 00:00:00,2024-10-02 00:00:00,Signed,Fursat Al Omar Real Estae,452.2672233,studio,1196,yes,yes
BR2,PBR2,Unit 503,503,5,STUDIO,Sold,MON MYAT THU,MYANMAR,+971521911528,miley.mon93@gmail.com,1106970.879,0.0,1106970.879,2320.0,6000.0,1112970.88,,BINDED,2024-09-30 00:00:00,30 SEP 2024,Signed,H&S Real Estate,477.1426202,studio,1197,yes,yes
BR2,PBR2,Unit 504,504,5,STUDIO,Sold,STEVEN SPYROS HAVVAS,BRITISH CITIZEN,+7860359111,jada1979@hotmail.co.uk,1049411.837,0.0,1049411.837,2530.0,6000.0,1055411.84,,BINDED,2024-10-01 00:00:00,2024-10-01 00:00:00,Signed,T Ash International Realty,414.7872873,studio,1198,yes,yes
BR2,PBR2,Unit 505,505,5,STUDIO,Sold,YAKOV SHIMONOV / ELLA SHIMONOV,ISRAEL,+972506705067,yakovshi5@gmail.com / ellashi511@gmail.com,1073371.763,0.0,1073371.763,2650.0,0.0,1073371.76,,BINDED,2024-10-03 00:00:00,03 OCT 2024,Signed,IOT Bonjours Technologies Est,405.0459484,studio,1199,yes,yes
BR2,PBR2,Unit 506,506,5,2 BED,Sold,VEYIS DINCER,TURKISH,+90556627047,veyisdincer@gmail.com,2705826.479,0.0,2705826.479,2136.4,0.0,2705826.48,,BINDED,2024-10-03 00:00:00,2024-10-03 00:00:00,Signed,OME Real Estate,1266.535517,2br,1200,yes,yes
BR2,PBR2,Unit 507,507,5,STUDIO,Sold,CHARLIE SAM HARRY GREEN / CHARLIE TOMILLERO,BRITISH CITIZEN,+447312255134,charlie@csgmp.com / Tomillero1992@gmail.com,1106947.629,0.0,1106947.629,2580.0,6000.0,1112947.63,,BINDED,,01 OCT 2024,Signed,T Ash International Realty,429.0494685,studio,1201,yes,yes
BR2,PBR2,Unit 508,508,5,STUDIO,Sold,JORDAN ARKLIE YOUNG,BRITISH CITIZEN,+447716812457,Jordany96@hotmail.co.uk / Baldwin2008@live.co.uk,1116995.201,0.0,1116995.201,2550.0,6000.0,1122995.2,,BINDED,2024-10-01 00:00:00,2024-10-01 00:00:00,Signed,T Ash International Realty,438.0373337,studio,1202,yes,yes
BR2,PBR2,Unit 509,509,5,1 BED + STUDY,Sold,RAPHAEL PHILLIPE DOMINIQUE FRANCOIS EMILLE GOUE,FRENCH,+33613265623,rg@euracific.com,2396879.044,0.0,2396879.044,1910.0,6000.0,2402879.04,,BINDED,2024-09-30 00:00:00,30 SEP 2024,Signed,H&S Real Estate,1254.910494,1br,1203,yes,yes
BR2,PBR2,Unit 510,510,5,STUDIO,Sold,SEVIL GULIYEVA,AZERBAIJAN,+994502104515,Elvinhajili@gmail.com,1081073.341,0.0,1081073.341,2650.0,0.0,1081073.34,,BINDED,,03 OCT 2024,Signed,Stratt Signature Real Estate,407.9522042,studio,1204,yes,yes
BR2,PBR2,Unit 511,511,5,1 BED,Sold,ANDREW DAVID PAYNE / KAREN PAYNE,BRITISH CITIZEN,+7970669442,andrew@karsinvestments.co.uk / andrew@karsinvestments.co.uk,1679444.502,0.0,1679444.502,2050.0,6000.0,1685444.5,,BINDED,2024-10-01 00:00:00,2024-10-01 00:00:00,Signed,T Ash International Realty,819.2412205,1br,1205,yes,yes
BR2,PBR2,Unit 512,512,5,STUDIO,Sold,MOHAMMED ASSAHRAOUI,NETHERLANDS,+31640932019,Mohamed.assahraoui@hotmail.com,1101903.66,0.0,1101903.66,2440.0,0.0,1101903.66,,BINDED,2024-10-02 00:00:00,02 OCT 2024,Signed,KL Maqan for Buying and Selling Real Estate,451.5998608,studio,1206,yes,yes
BR2,PBR2,Unit 513,513,5,STUDIO,Sold,MOHAMMED ASSAHRAOUI,NETHERLANDS,+31640932019,Mohamed.assahraoui@hotmail.com,1105449.293,0.0,1105449.293,2440.0,0.0,1105449.29,,BINDED,2024-10-02 00:00:00,02 OCT 2024,Signed,KL Maqan for Buying and Selling Real Estate,453.0529887,studio,1207,yes,yes
BR2,PBR2,Unit 514,514,5,1 BED,Sold,HAMIDA NASIR,PAKISTANI,+923002294064,arehmannasir@outlook.com,1971308.04,0.0,1971308.04,2030.0,0.0,1971308.04,,BINDED,,30 SEP 2024,Signed,Park Real Estate,971.0877046,1br,1208,yes,yes
BR2,PBR2,Unit 515,515,5,1 BED,Sold,ANDREW HANLON,BRITISH CITIZEN,+557423265,Andy.hanlon@tps.group,2142300.184,0.0,2142300.184,1880.0,2970.0,2145270.18,,BINDED,,2024-10-01 00:00:00,Signed,T Ash International Realty,1139.521374,1br,1209,yes,yes
BR2,PBR2,Unit 601,601,6,1 BED,Sold,HANNAH ELIZABETH LLOYD/BENJAMIN CHARLES EDWARD ILOYD,BRITISH CITIZEN,+447866447276 / +447866447276,Hanbenlloyd@gmail.com / Hanbenlloyd@gmail.com,2346150.348,0.0,2346150.348,1300.0,6000.0,2352150.35,,BINDED,,2024-10-03 00:00:00,Signed,T Ash International Realty,1804.731037,1br,1210,yes,yes
BR2,PBR2,Unit 602,602,6,STUDIO,Sold,JAKOB GEERT JONGSMA,NETHERLANDS,+31641486282,jakobgjongsma@gmail.com,1113821.893,0.0,1113821.893,2460.0,6000.0,1119821.89,,BINDED,2024-10-03 00:00:00,02 OCT 2024,Signed,The Real Estagency,452.7731271,studio,1211,yes,yes
BR2,PBR2,Unit 603,603,6,STUDIO,Sold,YEKJAN YUZAL,TURKISH,+971502027029,yekjanyuzal@gmail.com,1115304.729,0.0,1115304.729,2340.0,6000.0,1121304.73,,BINDED,2024-10-03 00:00:00,2024-10-03 00:00:00,Signed,Ubran Sunrise Realty,476.6259525,studio,1212,yes,yes
BR2,PBR2,Unit 604,604,6,STUDIO,Sold,DMITRII GORBACHEV,RUSSIAN,+79031418181,9031418181@mail.ru,1090890.566,0.0,1090890.566,2630.0,109089.1,1199979.67,,BINDED,2024-10-03 00:00:00,2024-10-03 00:00:00,Signed,Top Addres City Real Estate LLC,414.7872873,studio,1213,yes,yes
BR2,PBR2,Unit 605,605,6,STUDIO,Sold,SANJEEV KATYAL,INDIAN,+9715588063978,Sanjeevkatyaldxb@hotmail.com,1081472.682,0.0,1081472.682,2670.0,0.0,1081472.68,,BINDED,,2024-10-02 00:00:00,Signed,Proprerty Shop Invesment Real Estate,405.0459484,studio,1214,yes,yes
BR2,PBR2,Unit  606,606,6,1 BED + STUDY,Sold,ANDRII LEVRESHOV,UKRAINE,+971543180034,home.dubai55@gmail.com,2402792.004,0.0,2402792.004,1522.9,0.0,2402792.0,,BINDED,,04 OCT 2024,Signed,Union Square House Real Estate,1577.773986,1br,1215,yes,yes
BR2,PBR2,Unit 607,607,6,STUDIO,Sold,IGOR MININ,RUSSIAN,+79818489020,Drobiii@yandex.ru,1138514.411,0.0,1138514.411,2550.0,0.0,1138514.41,,BINDED,,2024-10-02 00:00:00,Signed,Roofs and Roots Real Estate,446.4762395,studio,1216,yes,yes
BR2,PBR2,Unit 608,608,6,STUDIO,Sold,ZHAO YINGJIE,CHINESE,+9715852487812,2405388436@qq.com,1111330.693,0.0,1111330.693,2600.0,0.0,1111330.69,,BINDED,2024-10-02 00:00:00,02 OCT 2024,Signed,Signature Reality Homes Real Estate,427.434882,studio,1217,yes,yes
BR2,PBR2,Unit 609,609,6,1 BED + STUDY,Sold,Karim ZENOUD,FRENCH,+639282774959,Silverorleadrecords@outlook.com,2438472.085,0.0,2438472.085,1930.0,6000.0,2444472.08,,BINDED,2024-10-31 00:00:00,2024-10-31 00:00:00,Signed,Thom&Gerry Real Estate,1263.457039,1br,1218,yes,yes
BR2,PBR2,Unit 610,610,6,STUDIO,Sold,SERGEI BORISOV,RUSSIAN,+79154307151,borisov-sa@bk.ru,1072914.297,0.0,1072914.297,2630.0,0.0,1072914.3,,BINDED,,30 SEPT 2024,Signed,Neginskiy Real Estate,407.9522042,studio,1219,yes,yes
BR2,PBR2,Unit 611,611,6,1 BED,Sold,RANA GUZELDAG,TURKISH,+905327443227,ranaguzeldag@gmail.com,1578785.686,0.0,1578785.686,2070.0,6000.0,1584785.69,,BINDED,,2024-10-03 00:00:00,Signed,Unite Circle Real Estate,762.6983992,1br,1220,yes,yes
BR2,PBR2,Unit 612,612,6,STUDIO,Sold,SAM MARK BURVILL,BRITISH CITIZEN,+447831054703,Samburvill86@icloud.com,1109611.697,0.0,1109611.697,2460.0,0.0,1109611.7,,BINDED,,2024-10-03 00:00:00,Signed,T Ash International Realty,451.0616653,studio,1221,yes,yes
BR2,PBR2,Unit 613,613,6,1 BED,Sold,YEKJAN YUZAL,TURKISH,+971502027029,yekjanyuzal@gmail.com,2289386.867,0.0,2289386.867,1550.0,6000.0,2295386.87,,BINDED,2024-10-03 00:00:00,2024-10-03 00:00:00,Signed,Urban Sunrise Realty,1477.023785,1br,1222,yes,yes
BR2,PBR2,Unit 614,614,6,STUDIO,Sold,"Abhinav Reddy Kalakonda , Sandeep reddy Ayereddy",INDIA,+917032639932,Abhinav.rp14@gmail.com / meesundeep@gmail.com,1182473.037,0.0,1182473.037,2660.0,0.0,1182473.04,,BINDED,,2024-10-02 00:00:00,Signed,Castle and Key Real Estate,444.5387356,studio,1223,yes,yes
BR2,PBR2,Unit 615,615,6,STUDIO,Sold,RYAN ALAN BOOTH,BRISTISH CITIZEN,+971585700448,ryanbooth1992@hotmail.com,1234755.072,0.0,1234755.072,1500.0,6000.0,1240755.07,,BINDED,2024-10-02 00:00:00,02 OCT 2024,Signed,T Ash International Realty,823.1700478,studio,1224,yes,yes
BR2,PBR2,Unit 701,701,7,STUDIO,Sold,"MELVIN EVERT KROON, JELLE SCHOLTENS",NETHERLANDS,+31615660978,Melvin.kroon@hotmail.com / jellescholtens@gmail.com,1100507.366,0.0,1100507.366,2480.0,6000.0,1106507.37,,BINDED,2024-10-01 00:00:00,01 OCT 2024,Signed,Skyluxe Real Estate Brokerage LLC,443.7529702,studio,1225,yes,yes
BR2,PBR2,Unit 702,702,7,STUDIO,Sold,THOMAS DYLAN LAFFERTY CHISHOLM,BRISTISH CITIZEN,+447424000492,Tomchisholm14@hotmail.com,1134369.767,0.0,1134369.767,2380.0,0.0,1134369.77,,BINDED,2026-09-01 00:00:00,01 OCT 2024,Signed,T Ash International Realty,476.6259525,studio,1226,yes,yes
BR2,PBR2,Unit 703,703,7,STUDIO,Sold,"Anoeschka Babita Pahladsingh , Yasmin Celine Armouchi",NETHERLANDS,+31641760824,Info@marbellahomeservice.es,1099186.311,0.0,1099186.311,2650.0,3000.0,1102186.31,,BINDED,,03 OCT 2024,Signed,Kelt& Co Properties,414.7872873,studio,1227,yes,yes
BR2,PBR2,Unit 704,704,7,STUDIO,Sold,SAMUEL PETER BEAUMONT,BRITISH CITIZEN,+971558638328,Sambeaumont0@googlemail.com / Sambeaumont0@googlemail.com,1089573.601,0.0,1089573.601,2690.0,6000.0,1095573.6,,BINDED,,02 OCT 2024,Signed,Housess Real Estate,405.0459484,studio,1228,yes,yes
BR2,PBR2,Unit 705,705,7,2 BED,Available,,,,,3650682.685,0.0,3326689.0,1735.0,0.0,3326689.0,,,,,,,1917.37536,2br,1229,yes,no
BR2,PBR2,Unit 706,706,7,1 BED + STUDY,Sold,ANITHA RAVANESH,INDIA,971585973838,anitharavanesh@gmail.com,2482931.663,0.0,2482931.663,1420.0,6000.0,2488931.66,,BINDED,2024-10-29 00:00:00,2024-10-29 00:00:00,Signed,Pleasant Real Estate,1748.543425,1br,1230,yes,yes
BR2,PBR2,Unit 707,707,7,STUDIO,Sold,"ORIT MORGAS BARNEA , GAD MOSHE BARNEA",ISRAEL,+972502202993,Orit.barnea@gmail.com / gadi.barnea@gmail.com,1097391.429,0.0,1097391.429,2690.0,6000.0,1103391.43,,BINDED,2024-10-03 00:00:00,03 OCT 2024,Signed,Just Buy Real Estate LLC,407.9522042,studio,1231,yes,yes
BR2,PBR2,Unit 708,708,7,1 BED,Sold,"STEVEN LEE BURELL , GRACE BURRELL",BRISTISH CITIZEN,+447304065689,steveandgrace@icloud.com / steveandgrace@icloud.com,1594107.144,0.0,1594107.144,2090.0,6000.0,1600107.14,,BINDED,2024-11-15 00:00:00,01 OCT 2024,Signed,T Ash International Realty,762.7306909,1br,1232,yes,yes
BR2,PBR2,Unit 709,709,7,STUDIO,Available,,,,,1230045.161,0.0,1150203.0,2480.0,0.0,1150203.0,,,,,,,451.0616653,studio,1233,yes,no
BR2,PBR2,Unit 710,710,7,STUDIO,Sold,SONNY GAMER & VALERIE GAMER,Australian,+61401222467,phoenixcsl81@gmail.com,1123304.467,0.0,1123304.467,2480.0,6000.0,1129304.47,,BINDED,,2024-10-02 00:00:00,Signed,T Ash International Realty,452.9453496,studio,1234,yes,yes
BR2,PBR2,Unit 711,711,7,1 BED,Sold,RAPHAEL PHILLIPE DOMINIQUE FRANCOIS EMILLE GOUE,FRENCH,+33613265623,rg@euracific.com,2200432.835,0.0,2200432.835,1970.0,6000.0,2206432.83,,BINDED,2024-09-30 00:00:00,30 SEP 2024,Signed,H&S Real Estate,1116.970982,1br,1235,yes,yes
BR2,PBR2,Unit 712,712,7,1 BED,Sold,JONATHAN LUKE FORGERTY,BRITISH CITIZEN,+447710143780,jonathan@fogertygroup.com,2004099.755,0.0,2004099.755,2320.0,0.0,2004099.75,,BINDED,2026-08-20 00:00:00,01 OCT 2024,Signed,T Ash International Realty,863.8361013,1br,1236,yes,yes
BR2,PBR2,Unit 713,713,7,STUDIO,Sold,"LIAM DAVID JOHN BARLETT , THOMAS JOE MALCOLM",BRITISH CITIZEN,+971585629570,Liam.bartlett50@gmail.com / Tommalcolmwork@gmail.com,1136812.098,0.0,1136812.098,2740.0,0.0,1136812.1,,BINDED,,01 OCT 2024,Signed,T Ash International Realty,414.8949264,studio,1237,yes,yes
BR1,PBR1,SHOP-01,SHOP-01,0,-,Available,,,,,,,,,,,,,,,,,780.17,,,NO,no
BR1,PBR1,SHOP-02,SHOP-02,0,-,Available,,,,,,,,,,,,,,,,,1085.32,,,NO,no
BR1,PBR1,SHOP-03,SHOP-03,0,-,Available,,,,,,,,,,,,,,,,,1485.74,,,NO,no
BR1,PBR1,Unit 101,101,1,1 BR,Sold,"David,Michel Becu & Danielle,Nadege Ganga",French,+33660517016/+33613817928,David_becu@hotmail.com / Danielle.gg@hotmail.com,1290281.0,0.0,1290281.0,,3000.0,691102.1095,,BINDED,2024-06-28 00:00:00,2024-06-28 00:00:00,Signed,Elysee Vendome Real Estate,679.1,1br,,NO,yes
BR1,PBR1,Unit 102,102,1,1 BR,Sold,AAMNA SULAIMAN ALI ALLAY ALSHEHHI,UAE,+971506276201,nader1989@hotmail.com,1203965.0,0.0,1203965.0,,3000.0,460513.5225,,BINDED,2024-10-09 00:00:00,"July 6, 2024",Signed,Nationwide Middle East Properties,668.87,1br,,NO,yes
BR1,PBR1,Unit 103,103,1,Studio,Sold,Artem Germanovich Tolmachev,Netherlands,+31614448800,artyomx@gmail.com,917731.0,0.0,917731.0,,3000.0,324207.1134,,BINDED,2024-07-13 00:00:00,2024-07-13 00:00:00,Signed,Vibgyor Real Estate,437.01,studio,,NO,yes
BR1,PBR1,Unit 104,104,1,Studio,Sold,OSMAN BIROL,Switzerland,+41763923441,Osman_birol10@hotmail.com,913210.0,0.0,913210.0,,3000.0,413918.0034,,BINDED,2024-07-13 00:00:00,2024-07-13 00:00:00,Signed,Metropolitan Premium Properties LLC,434.86,studio,,NO,yes
BR1,PBR1,Unit 105,105,1,Studio,Sold,Edward Campbell Kelly,British Citizen,+447340871859- +971565779963,kned58@yahoo.co.uk,907559.0,0.0,907559.0,,3000.0,402335.9033,,BINDED,2024-07-21 00:00:00,"July 10, 2024",Signed,L and F Real Estate,432.17,studio,,NO,yes
BR1,PBR1,Unit 106,106,1,Studio,Sold,"Florent,Pascal,Armand Lourmiere",French,'+971551527617,flourmiere@yahoo.fr,923834.0,0.0,923834.0,,,280148.3832,,BINDED,2024-06-16 00:00:00,"July 16, 2024",Signed,Madely Real Estate Brokerage LLC,439.92,studio,,NO,yes
BR1,PBR1,Unit 107,107,1,1 BR,Sold,Aamna Sulaiman Ali Allay Alshehhi,UAE,+971506276201,nader1989@hotmail.com,1196215.0,0.0,1196215.0,,3000.0,445597.5125,,BINDED,2024-10-09 00:00:00,"July 19, 2024",Signed,Nationwide Middle East Properties,664.56,1br,,NO,yes
BR1,PBR1,Unit 108,108,1,1 BR+S+P,Sold,Ross Tony Peters,British Citizen,+447473830539-07725067302,Rtp2023rtp@icloud.com,2290130.0,0.0,2290130.0,,,2255726.224,,BINDED,2024-07-23 00:00:00,"July 23, 2024",Signed,Skyluxe Real Estate,1145.06,1br,,NO,yes
BR1,PBR1,Unit 109,109,1,1 BR+S+P,Sold,Fadi Abi Nakhoul/Maroun Nassar,Lebanese,+9613142221,Fadyabinakhoul@hotmail.com / Marounnassar81@gmail.com,2171081.0,0.0,2171081.0,,,613886.37,,BINDED,2024-09-26 00:00:00,"26 SEPT,2024",Signed,Nationwide Middle East Properties,1085.54,1br,,NO,yes
BR1,PBR1,Unit 201,201,2,1 BR,Sold,Manik Bhatheja / Robin Dhawan,Indian,+0918 8600 03839 / +919717711133,Connect.manikbhatheja@gmail.com / Robindhawan06@gmail.com,1300281.0,0.0,1300281.0,,3000.0,406087.2167,,BINDED,2024-07-20 00:00:00,2024-07-20 00:00:00,Signed,Pearl Shine Real Estate,679.1,1br,,NO,yes
BR1,PBR1,Unit 202,202,2,1 BR,Sold,Fady Karim,Lebanese,+971528013684,Offkarim8181@gmail.com,1213965.0,0.0,1213965.0,,3000.0,378632.0143,,BINDED,2024-09-19 00:00:00,2024-09-14 00:00:00,Signed,Fame Real Estate Brokerage LLC,668.87,1br,,NO,yes
BR1,PBR1,Unit 203,203,2,Studio,Sold,Artak Sahakyan,Armenian,+37495701755,sahartak777@gmail.com,927731.0,0.0,927731.0,,3000.0,429797.1079,,BINDED,2024-06-21 00:00:00,2024-06-21 00:00:00,Signed,EVA Real Estate,437.01,studio,,NO,yes
BR1,PBR1,Unit 204,204,2,Studio,Sold,Peter Branko Brcic,Canadian,5198195013,Brcic.peter@gmail.com,923210.0,0.0,923210.0,,3000.0,427674.0032,,BINDED,2024-06-18 00:00:00,"June 18, 2024",Signed,Park Real Estate,434.86,studio,,NO,yes
BR1,PBR1,Unit 205,205,2,Studio,Sold,Margarita Maksimenko,Lithuania,+79103115078,rinikana.office@gmail.com,917559.0,0.0,917559.0,,2872.65,415954.7849,,BINDED,2024-06-13 00:00:00,2024-06-13 00:00:00,Signed,Just Prime Real Estate Brokers,432.17,studio,,NO,yes
BR1,PBR1,Unit 206,206,2,Studio,Sold,Evgeny Kuzemin,Russian,+37122308580,e.kuzemin@gmail.com,933834.0,0.0,933834.0,,3000.0,501130.0,,BINDED,2024-06-13 00:00:00,2024-06-13 00:00:00,Signed,Neginskiy Bureau Real Estate LLC,439.92,studio,,NO,yes
BR1,PBR1,Unit 207,207,2,1 BR,Sold,Arshi Anjum,Pakistani,+971502735850,Amjadsiddiqui59@gmail.com,1206215.0,0.0,1206215.0,,3000.0,545910.005,,BINDED,2024-06-29 00:00:00,2024-06-29 00:00:00,Signed,Aeon&Trisl Real Estate,664.56,1br,,NO,yes
BR1,PBR1,Unit 208,208,2,1 BR+Study,Sold,Abhinav Reddy Kalakonda,Indian,+917032639932,Abhinav.rp14@gmail.com,1835179.0,0.0,1835179.0,,3000.0,403400.2198,,BINDED,,"July 31, 2024",Signed,Castel and Key Real Estate LLC,978.76,1br,,NO,yes
BR1,PBR1,Unit 209,209,2,1 BR+Study,Sold,Yola Aurore Lamour,Canadian,+959765999910,yolalamour@hotmail.com,1803897.0,0.0,1803897.0,,2869.13,472066.3136,,BINDED,2024-08-08 00:00:00,"August 8, 2024",Signed,H&S Real Estate,962.08,1br,,NO,yes
BR1,PBR1,Unit 210,210,2,Studio,Sold,Maria Andrea Burgess,British Citizen,+201090580849,kate@marburmedia.com,995366.0,0.0,995366.0,,2942.25,441543.273,,BINDED,2024-07-01 00:00:00,2024-07-01 00:00:00,Signed,For You Real Estate,423.56,studio,,NO,yes
BR1,PBR1,Unit 211,211,2,1 BR,Sold,Faizul Ahmed,British Citizen,+447767746853,Cambridgeitec@gmail.com,1406709.0,0.0,1406709.0,,,640439.9121,,BINDED,2024-07-24 00:00:00,"July 29, 2024",Signed,Skyluxe Real Estate,686.2,1br,,NO,yes
BR1,PBR1,Unit 212,212,2,1 BR+S+P,Sold,Ivan Todorovic / Dragana Todorovic,Republike Srbije,+491704568305 / +381645251642,vipgmbh@aol.com,1884761.0,0.0,1884761.0,,3000.0,832441.9777,,BINDED,2024-06-21 00:00:00,2024-06-21 00:00:00,Signed,Bonne Apart Real Estate,942.38,1br,,NO,yes
BR1,PBR1,Unit 213,213,2,1 BR+S+P,Sold,Rashmi Jamno Kalwani,Indian,+971552929927,Rashmijk@gmail.com,1869546.0,0.0,1869546.0,,3000.0,713465.0016,,BINDED,2024-07-13 00:00:00,"August 6, 2024",Signed,H&S Real Estate,958.74,1br,,NO,yes
BR1,PBR1,Unit 301,301,3,1 BR,Sold,Fadi Abi Nakhoul,Lebanese,+9613142221,Fadyabinakhoul@hotmail.com,1310281.0,0.0,1310281.0,,3000.0,415056.4168,,BINDED,2024-10-10 00:00:00,"July 17, 2024",Signed,Nationwide Middle East Properties,679.1,1br,,NO,yes
BR1,PBR1,Unit 302,302,3,1 BR,Sold,Kuljit Singh,Indian,+971504322696,kuljit4626@gmail.com,1223965.0,0.0,1223965.0,,3000.0,492585.1025,,BINDED,2024-06-21 00:00:00,2024-06-21 00:00:00,Signed,Nestwood Realty Real Estate,668.87,1br,,NO,yes
BR1,PBR1,Unit 303,303,3,Studio,Sold,Thomas Joe Malcolm,British Citizen,+447455959886,Tommalcolmwork@gmail.com,937731.0,0.0,937731.0,,3000.0,368713.8759,,BINDED,2024-06-18 00:00:00,"June 18, 2024",Signed,Tyron Ash Real Estate,437.01,studio,,NO,yes
BR1,PBR1,Unit 304,304,3,Studio,Sold,Vladimir Suvorov,Russian,+79255964829,proximavv@gmail.com,933210.0,0.0,933210.0,,3000.0,428308.1564,,BINDED,2024-07-11 00:00:00,2024-07-11 00:00:00,Signed,My Home Click Real Estate,434.86,studio,,NO,yes
BR1,PBR1,Unit 305,305,3,Studio,Sold,Iuliia Nikolaeva,Russian,+79091966661,yuliyan555@yandex.ru,927559.0,0.0,927559.0,,3000.0,386103.4163,,BINDED,2024-06-12 00:00:00,2024-06-12 00:00:00,Signed,Hestia Homes Real Estate,432.17,studio,,NO,yes
BR1,PBR1,Unit 306,306,3,Studio,Sold,"Merouane,Gerard,Mohamed Zins",French,+33784313081,zins.zins.merouane@gmail.com,943834.0,0.0,943834.0,,,426691.25,,BINDED,2024-06-18 00:00:00,"June 18, 2024",Signed,ASN Dream Properties,439.92,studio,,NO,yes
BR1,PBR1,Unit 307,307,3,1 BR,Sold,Mohammed Jassim Mohammed AL Fatlawi,Iraqi,+971502261059,mbj2080@gmail.com,1216215.0,0.0,1216215.0,,3000.0,550357.5225,,BINDED,2024-07-04 00:00:00,2024-07-04 00:00:00,Signed,Direct Properties,664.56,1br,,NO,yes
BR1,PBR1,Unit 308,308,3,1 BR+Study,Sold,Bee Trade DMCC,Indian,+971585422067,av@igca.eu,1845179.0,0.0,1845179.0,,3000.0,725622.0033,,BINDED,2024-07-26 00:00:00,"July 26, 2024",Signed,Elstate Real Estate Broker LLC,978.76,1br,,NO,yes
BR1,PBR1,Unit 309,309,3,1 BR+Study,Sold,Habibollah Mohammad Dashti Zadeh,Iranian,+989123866000,Dzhabib2009@yahoo.com,1813897.0,0.0,1813897.0,,3000.0,784099.9323,,BINDED,2024-10-09 00:00:00,"Aug 6, 2024",Signed,Sky Mansion Real Estate LLC,962.08,1br,,NO,yes
BR1,PBR1,Unit 310,310,3,Studio,Sold,Elena Bugaeva,Russian,18188075352,Ellen.Alexander.la@gmail.com,1005366.0,0.0,1005366.0,,3000.0,314616.2329,,BINDED,2024-06-17 00:00:00,"June 17, 2024",Signed,Primo Capital Real Estate,423.56,studio,,NO,yes
BR1,PBR1,Unit 311,311,3,1 BR,Sold,Dinshaw Cyrus Vania,Canadian,+971501961794,Kaiwan@gmail.com,1416709.0,0.0,1416709.0,,3000.0,626350.5421,,BINDED,2024-07-18 00:00:00,"July 18, 2024",Signed,Ras Equity Real Estate,686.2,1br,,NO,yes
BR1,PBR1,Unit 312,312,3,1 BR+S+P,Sold,Mohammad Naser Fani,Iranian,+971559561980,Moh.fani@yahoo.com,1894761.0,0.0,1894761.0,,3000.0,798800.5271,,BINDED,2024-06-25 00:00:00,2024-06-25 00:00:00,Signed,Samieh Properties,942.38,1br,,NO,yes
BR1,PBR1,Unit 313,313,3,1 BR+S+P,Sold,Granville Trading DWL-LLC,Canadian,+971564924343,mk.elbarbary@gmail.com,1879546.0,0.0,1879546.0,,3000.0,830000.5816,,BINDED,2024-07-12 00:00:00,"July 12, 2024",Signed,High Garden Real Estate,958.74,1br,,NO,yes
BR1,PBR1,Unit 401,401,4,1 BR,Sold,Viktor Shukshin,Russian,+79852048090,vikshuksv@gmail.com,1320281.0,0.0,1320281.0,,3000.0,707000.2507,,BINDED,2024-07-01 00:00:00,2024-07-01 00:00:00,Signed,Empire City Real Estate,679.1,1br,,NO,yes
BR1,PBR1,Unit 402,402,4,1 BR,Sold,Daniil Myadelets,Russian,+37255513551,daniil@kadd.eu,1233965.0,0.0,1233965.0,,3000.0,548944.4628,,BINDED,2024-06-22 00:00:00,"June 22, 2024",Signed,LEPAX Real Estate LLC,668.87,1br,,NO,yes
BR1,PBR1,Unit 403,403,4,Studio,Sold,Anvar Daianov,Russian,+79646246093,dayantos@yandex.ru,947731.0,0.0,947731.0,,3000.0,439590.4638,,BINDED,2024-06-18 00:00:00,2024-06-13 00:00:00,Signed,Elstate Real Estate Broker LLC,437.01,studio,,NO,yes
BR1,PBR1,Unit 404,404,4,Studio,Sold,Aleksandr Iutalov,Russian,+79293399095,yutalov03@gmail.com,943210.0,0.0,943210.0,,3000.0,446390.2533,,BINDED,2024-12-06 00:00:00,2024-06-12 00:00:00,Signed,Hestia Homes Real Estate,434.86,studio,,NO,yes
BR1,PBR1,Unit 405,405,4,Studio,Sold,Valentin Alpatov,Russian,+79232732544,alpatovvv88@yandex.ru,937559.0,0.0,937559.0,,3000.0,443652.3032,,BINDED,2024-12-06 00:00:00,2024-06-12 00:00:00,Signed,Hestia Homes Real Estate,432.17,studio,,NO,yes
BR1,PBR1,Unit 406,406,4,Studio,Sold,Ammar Jamal,Pakistani,+92 3212133315,ammartine@gmail.com,953834.0,0.0,953834.0,,3000.0,355929.3217,,BINDED,2024-06-13 00:00:00,"June 18, 2024",Signed,Park Real Estate,439.92,studio,,NO,yes
BR1,PBR1,Unit 407,407,4,1 BR,Sold,Maksim Iagniukov,Russian,+79262450503,iagniukov@gmail.com,1226215.0,0.0,1226215.0,,3000.0,554795.8524,,BINDED,2024-07-03 00:00:00,2024-07-03 00:00:00,Signed,Coninental Club Property LLC,664.56,1br,,NO,yes
BR1,PBR1,Unit 408,408,4,1 BR+Study,Sold,Charles William George Goldsmith,British Citizen,+447766312659,Charliegoldsmith@pencroftventures.co.uk,1855179.0,343440.0,1511739.0,,3000.0,1953938.992,,BINDED,2024-07-08 00:00:00,2024-07-08 00:00:00,Signed,Kalkar Real Estate,978.76,1br,,NO,no
BR1,PBR1,Unit 409,409,4,1 BR+Study,Sold,Imad Komati,Lebanese,0568383983,ikomati@gmail.com,1805658.03,0.0,1805658.03,,3000.0,818556.6033,,BINDED,2024-07-01 00:00:00,2024-07-01 00:00:00,Signed,Nes Finders Real Estate Brokers LLC,962.08,1br,,NO,yes
BR1,PBR1,Unit 410,410,4,Studio,Sold,Anna Tikhomirova,Russian,+79104011901,anna_udm@mail.ru,1015366.0,0.0,1015366.0,,3000.0,538991.1308,,BINDED,,"June 13, 2024",Signed,Seven Lands Real Estate,423.56,studio,,NO,yes
BR1,PBR1,Unit 411,411,4,1 BR,Sold,Amine Tawk/Charbel Tawk,Lebanese,+96170365639,Amintawk777@gmail.com / Charbel.dtawk@gmail.com,1426709.0,0.0,1426709.0,,2999.0,630747.4121,,BINDED,2024-10-07 00:00:00,2024-07-10 00:00:00,Signed,Nationwide Middle East Properties,686.2,1br,,NO,yes
BR1,PBR1,Unit 412,412,4,1 BR+S+P,Sold,Shekhar Mehta,Indian,+971509734863,drshekharmehta@gmail.com,1904761.0,0.0,1904761.0,,3000.0,764903.9616,,BINDED,2024-06-18 00:00:00,2024-06-18 00:00:00,Signed,Next Footstep Real Estate LLC,942.38,1br,,NO,yes
BR1,PBR1,Unit 413,413,4,1 BR+S+P,Sold,Mick Sanders,Netherlands,+971585773518,Rygmick@gmail.com,1889546.0,0.0,1889546.0,,3000.0,705595.3734,,BINDED,,"August 19, 2024",Signed,Skyluxe Real Estate,958.74,1br,,NO,yes
BR1,PBR1,Unit 501,501,5,1 BR,Sold,Mohammed Hamed Qayyum,British Citizen,+44788300413,Qayyum_Enterprises@hotmail.com,1330281.0,0.0,1330281.0,,3000.0,455295.7723,,BINDED,2024-07-12 00:00:00,"July 12, 2024",Signed,Iseek Properiets LLC,679.1,1br,,NO,yes
BR1,PBR1,Unit 502,502,5,1 BR,Sold,Maksim Jevsejev,Estonia,+3725128960,Jevsejev.m@gmail.com,1243965.0,0.0,1243965.0,,2999.86,603467.2451,,BINDED,2024-06-21 00:00:00,2024-06-21 00:00:00,Signed,LEPAX Real Estate LLC,668.87,1br,,NO,yes
BR1,PBR1,Unit 503,503,5,Studio,Sold,Paul Kassabian,Australian,+37441230199,gohark@tpg.com.au,957731.0,0.0,957731.0,,3000.0,433979.1522,,BINDED,2024-06-12 00:00:00,2024-06-12 00:00:00,Signed,Hestia Homes Real Estate,437.01,studio,,NO,yes
BR1,PBR1,Unit 504,504,5,Studio,Sold,Andrei Sadovnikov,Russian,+79029798096,2881707@mail.ru,953210.0,0.0,953210.0,,3000.0,451009.1731,,BINDED,2024-12-06 00:00:00,2024-06-12 00:00:00,Signed,Hestia Homes Real Estate,434.86,studio,,NO,yes
BR1,PBR1,Unit 505,505,5,Studio,Sold,Tatiana Iutalova,Russian,+79293399095,yutalov03@gmail.com,947559.0,0.0,947559.0,,3000.0,448353.5032,,BINDED,2024-12-10 00:00:00,2024-06-12 00:00:00,Signed,Hestia Homes Real Estate,432.17,studio,,NO,yes
BR1,PBR1,Unit 506,506,5,Studio,Sold,"Sebastien,Patrick,Henri Martinet",French,+5493515720212,martinet_sebastien@yahoo.com.ar,963834.0,0.0,963834.0,,2980.0,436729.5031,,BINDED,2024-06-18 00:00:00,"June 18, 2024",Signed,Di Salvo Realty,439.92,studio,,NO,yes
BR1,PBR1,Unit 507,507,5,1 BR,Sold,Amrat Kumar Maheshwari & Sulakshana Maheshwari,Pakistani,'+971545407075,amratkumardr@gmail.com,1236215.0,0.0,1236215.0,,3000.0,534572.0424,,BINDED,2024-06-29 00:00:00,"June 29, 2024",Signed,Indus Real Estate,664.56,1br,,NO,yes
BR1,PBR1,Unit 508,508,5,1 BR+Study,Sold,Artem Germanovich Tolmachev & Salvuccio Vicinzino,Netherlands,+971585153335,artyomx@gmail.com/svicinzino@gmail.com,1865179.0,0.0,1865179.0,,3000.0,680919.5807,,BINDED,2024-08-02 00:00:00,"August 2, 2024",Signed,Lacon International Real Estate,978.76,1br,,NO,yes
BR1,PBR1,Unit 509,509,5,1 BR+Study,Sold,Fadi Elkomati,Lebanese,+0544452570,fadikomati@gmail.com,1815558.03,0.0,1815558.03,,3000.0,824777.8033,,BINDED,2024-07-01 00:00:00,2024-07-01 00:00:00,Signed,Nest Finders Real Estate Brokers LLC,962.08,1br,,NO,yes
BR1,PBR1,Unit 510,510,5,Studio,Sold,Juliya Valasevich & Denis Valasevich,Canadian,'+16476465215,juliaballetschool@gmail.com / belarus.denis@gmail.com,1025366.0,0.0,1025366.0,,3000.0,564939.9999,,BINDED,2024-06-12 00:00:00,2024-06-12 00:00:00,Signed,Hestia Homes Real Estate,423.56,studio,,NO,yes
BR1,PBR1,Unit 511,511,5,1 BR,Sold,Osman Goni ; JP: Firoz Shams,Bangladeshi,+971505092771,osmangoni.se.ae@gmail.com,1436709.0,0.0,1436709.0,,3000.0,635149.9021,,BINDED,2024-07-09 00:00:00,"July 9, 2024",Signed,Richmond Properties LLC,686.2,1br,,NO,yes
BR1,PBR1,Unit 512,512,5,1 BR+S+P,Sold,Machiel De Vries,Netherlands,+31642082999,dvbeleggingsmaatschappij@gmail.com,1914761.0,0.0,1914761.0,,2970.0,749705.1277,,BINDED,2024-06-13 00:00:00,"June 13, 2024",Signed,Skyluxe Real Estate,942.38,1br,,NO,yes
BR1,PBR1,Unit 513,513,5,1 BR+S+P,Sold,Imran Yousuf Muhammad Yousuf,Pakistan,+971557030125,Yousufimran@netscape.net,1899546.0,0.0,1899546.0,,,382908.6016,,BINDED,2024-11-14 00:00:00,2024-11-14 00:00:00,Signed,Nationwide Middle East Properties,958.74,1br,,NO,yes
BR1,PBR1,Unit 601,601,6,1 BR,Sold,Irina Belousova,Russian,+971567508515,antonb7474@gmail.com,1340281.0,0.0,1340281.0,,3000.0,606124.4722,,BINDED,2026-06-07 00:00:00,2024-06-07 00:00:00,Signed,Sunlit Real Estate,679.1,1br,,NO,yes
BR1,PBR1,Unit 602,602,6,1 BR,Sold,Rajiv Amar Chhetri,Indian,+971503101963,chhetrivajiv@yahoo.com,1253965.0,0.0,1253965.0,,3000.0,579827.0024,,BINDED,2024-06-14 00:00:00,2024-06-14 00:00:00,signed,Tex Real Estate LLC,668.87,1br,,NO,yes
BR1,PBR1,Unit 603,603,6,Studio,Sold,Gohar Kassabian,Australian,+37441560515,gohark@tpg.com.au,967731.0,0.0,967731.0,,3000.0,434681.3317,,BINDED,2024-06-12 00:00:00,2024-06-12 00:00:00,signed,Hestia Homes Real Estate,437.01,studio,,NO,yes
BR1,PBR1,Unit 604,604,6,Studio,Sold,Bojan Gjorgjiev & Blagoj Gjorgjiev,Macedonian,+38971244108,bojangjorgjiev@outlook.com / Baze_gjorgjiev@hotmail.com,963210.0,0.0,963210.0,,2999.0,446076.2431,,BINDED,2024-06-18 00:00:00,2024-06-18 00:00:00,signed,Biler Professional Real Estate,434.86,studio,,NO,yes
BR1,PBR1,Unit 605,605,6,Studio,Sold,Joseph Hobeika,Lebanese,+971552213766,Hobeikajoseph@hotmail.com,957559.0,0.0,957559.0,,3000.0,443487.9522,,BINDED,2024-06-13 00:00:00,2024-06-13 00:00:00,signed,H&S Real Estate,432.17,studio,,NO,yes
BR1,PBR1,Unit 606,606,6,Studio,Sold,Sergei Mikhailenko,Russian,+9716230015,7603015@gmail.com,973834.0,0.0,973834.0,,3000.0,421387.7223,,BINDED,2024-06-17 00:00:00,2024-06-17 00:00:00,signed,RTI Real Estate LLC,439.92,studio,,NO,yes
BR1,PBR1,Unit 607,607,6,1 BR,Sold,Roman Zieba,Czech Republic,+491623414035,romanzieba@hotmail.com,1208828.55,0.0,1208828.55,,3000.0,534884.2025,,BINDED,2024-06-18 00:00:00,2024-06-18 00:00:00,signed,H&S Real Estate,664.56,1br,,NO,yes
BR1,PBR1,Unit 608,608,6,1 BR+Study,Sold,Andrii Lavreshov,Ukraine,+971543180036,home.dubai55@gmail.com,1837675.42,0.0,1837675.42,,3000.0,921840.5016,,BINDED,,2024-07-01 00:00:00,signed,Union Squre House Real Estate,978.76,1br,,NO,yes
BR1,PBR1,Unit 609,609,6,1 BR+Study,Sold,Jean Louis Gibon & Carolina Gibo,USA,+791558869731,jeanlouisgibon02@gmail.com / fgrcarolina@gmail.com,1843897.0,0.0,1843897.0,,3000.0,740559.3716,,BINDED,2024-06-13 00:00:00,"June 18, 2024",signed,Kalkar Real Estate,962.08,1br,,NO,yes
BR1,PBR1,Unit 610,610,6,Studio,Sold,Sergei Mikhailenko,Russian,+9716230015,7603015@gmail.com,1077722.0,0.0,1077722.0,,3000.0,466547.0949,,BINDED,2024-06-17 00:00:00,2024-06-17 00:00:00,signed,RTI Real Estate LLC,423.56,studio,,NO,yes
BR1,PBR1,Unit 611,611,6,1 BR,Sold,Avni Ademi & Ardit Ademi,Slovenije,+386313888374,Aademi76@gmail.com,1446709.0,0.0,1446709.0,,2980.0,653983.5879,,BINDED,2024-06-18 00:00:00,"June 18, 2024",signed,Fabrielite,686.2,1br,,NO,yes
BR1,PBR1,Unit 612,612,6,1 BR+S+P,Sold,Irina Belousova,Russian,0567508515,antonb7474@gmail.com,1924761.0,0.0,1924761.0,,3000.0,869395.4917,,BINDED,2026-06-07 00:00:00,2024-06-07 00:00:00,signed,Sunlit Real Estate,942.38,1br,,NO,yes
BR1,PBR1,Unit 613,613,6,1 BR+S+P,Sold,Izehiokhon Andrew Akpengbe & Uhunamure Ogheneochuko Akpengbe,Nigerian / Netherlands,+971569835465,izehiokhon@yahoo.com / namandy66@gmail.com,1909546.0,0.0,1909546.0,,3000.0,862333.6816,,BINDED,2024-06-22 00:00:00,2024-06-22 00:00:00,signed,Bricksfield Real Estate Brokarge,958.74,1br,,NO,yes
BR1,PBR1,Unit 701,701,7,1 BR,Sold,Prasanna Rangaswamy Mysore,USA,+1 7327 281 4198,prasmr@gmail.com,1350281.0,0.0,1350281.0,,,548531.8397,,BINDED,2024-06-20 00:00:00,"June 20, 2024",signed,T Ash International Realty Brokerr,679.1,1br,,NO,yes
BR1,PBR1,Unit 702,702,7,1 BR,Sold,Zehra Sherifi,Norwegian,+4793077099,zehra96@hotmail.no,1263965.0,0.0,1263965.0,,3000.0,571793.6024,,BINDED,2024-06-13 00:00:00,"June 13, 2024",signed,H&S Real Estate,668.87,1br,,NO,yes
BR1,PBR1,Unit 703,703,7,Studio,Sold,Luiz Guilherme,Brasileiro,+5527999757399,Luiz_barcik@hotmail.com,977731.0,0.0,977731.0,,3000.0,442978.7531,,BINDED,2024-06-18 00:00:00,2024-06-18 00:00:00,signed,Hive Netwerk Real Estate,437.01,studio,,NO,yes
BR1,PBR1,Unit 704,704,7,Studio,Sold,Luiz Guilherme,Brasileiro,+5527999757399,Luiz_barcik@hotmail.com,973210.0,0.0,973210.0,,3000.0,440935.5031,,BINDED,2024-06-18 00:00:00,2024-06-18 00:00:00,signed,Hive Netwerk Real Estate,434.86,studio,,NO,yes
BR1,PBR1,Unit 705,705,7,Studio,Sold,Edward Forman Lewknowicz,Mexicana,+971502654118,edwardformanlew@gmail.com,967559.0,0.0,967559.0,,3000.0,403511.0517,,BINDED,2024-10-10 00:00:00,"June 13, 2024",signed,Hive Netwerk Real Estate,432.17,studio,,NO,yes
BR1,PBR1,Unit 706,706,7,Studio,Sold,Aliaksei Zhaliazouski,Belarus,+971502980114,alexey32144@gmail.com,983834.0,0.0,983834.0,,3000.0,495025.0539,,BINDED,2024-06-17 00:00:00,"June 17, 2024",Signed,Magic Flash Estate Broker LLC,439.92,studio,,NO,yes
BR1,PBR1,Unit 707,707,7,1 BR,Sold,Alina Rase,Turkish,+971508681856,ar@ama.ge,1256215.0,0.0,1256215.0,,3000.0,587225.4675,,BINDED,2024-06-18 00:00:00,2024-06-18 00:00:00,Signed,Terra Capital Real Estate,664.56,1br,,NO,yes
BR1,PBR1,Unit 708,708,7,1 BR+Study,Sold,Timothy Robert West & Sheena Ann Mcclelland,British Citizen,+447834083188,Westy2012@aol.com,1885179.0,0.0,1885179.0,,,695550.1114,,BINDED,2024-07-01 00:00:00,"July 1, 2024",Signed,Hive Netwerk Real Estate,978.76,1br,,NO,yes
BR1,PBR1,Unit 709,709,7,1 BR+Study,Sold,Dmitry Zhorov,Russian,+79219322202,dzhorov@mail.ru,1853897.0,0.0,1853897.0,,3000.0,837254.9716,,BINDED,2024-06-17 00:00:00,2024-06-17 00:00:00,Signed,Magic Flash Estate Broker LLC,962.08,1br,,NO,yes
BR1,PBR1,Unit 710,710,7,Studio,Sold,Nicolas Paphitis,Russian,+35799272511,nek.larnaka@hotmail.com,1045366.0,0.0,1045366.0,,2873.0,421082.1619,,BINDED,2024-06-13 00:00:00,2024-06-13 00:00:00,Signed,Terra Capital Real Estate,423.56,studio,,NO,yes
BR1,PBR1,Unit 711,711,7,1 BR,Sold,Sergei Mikhailenko,Russian,+971559418022,7603015@gmail.com,1456709.0,0.0,1456709.0,,2999.98,624810.0815,,BINDED,2024-06-20 00:00:00,2024-06-20 00:00:00,Signed,Artego Real Estate,686.2,1br,,NO,yes
BR1,PBR1,Unit 712,712,7,1 BR+S+P,Sold,Maryam Ashkiani,Canadian,+19496566025,ashkianimaryam@gmail.com,1934761.0,0.0,1934761.0,,3000.0,745476.2016,,BINDED,2024-06-17 00:00:00,2024-06-17 00:00:00,Signed,H&S Real Estate,942.38,1br,,NO,yes
BR1,PBR1,Unit 713,713,7,1 BR+S+P,Sold,Maciej Pawel,Polish,+971585046012,Goldesthetic98@gmail.com,1919546.0,0.0,1919546.0,,3000.0,736500.3837,,BINDED,13-06-2024,2024-06-13 00:00:00,Signed,Skyluxe Real Estate,958.74,1br,,NO,yes
RES,PRY,101,101,1,1 BHK,Available,,,,,982679.4866,0.0,982679.4866,1400.0,,982679.49,,,,,,,701.913919,1br,825,yes,no
RES,PRY,102,102,1,1 BHK,Available,,,,,1100824.053,0.0,1100824.053,1400.0,,1100824.05,,,,,,,786.302895,1br,826,yes,no
RES,PRY,105,105,1,1 BHK,Available,,,,,1100824.053,0.0,1100824.053,1400.0,,1100824.05,,,,,,,786.302895,1br,934,yes,no
RES,PRY,106,106,1,1 BHK,Available,,,,,1011462.2,0.0,1011462.2,1400.0,,1011462.2,,,,,,,722.473,1br,935,yes,no
RES,PRY,107,107,1,1 BHK,Available,,,,,1461436.2308,0.0,1461436.231,1400.0,,1461436.23,,,,,,,1043.883022,1br,936,yes,no
RES,PRY,108,108,1,STUDIO,Available,,,,,662582.6284,0.0,662582.6284,1100.0,,662582.63,,,,,,,602.347844,studio,937,yes,no
RES,PRY,109,109,1,STUDIO,Available,,,,,674778.1271,0.0,674778.1271,1100.0,,674778.13,,,,,,,613.434661,studio,938,yes,no
RES,PRY,110,110,1,STUDIO,Available,,,,,678803.8256999999,0.0,678803.8257,1100.0,,678803.83,,,,,,,617.094387,studio,939,yes,no
RES,PRY,111,111,1,STUDIO,Available,,,,,697629.8868,0.0,697629.8868,1100.0,,697629.89,,,,,,,634.208988,studio,940,yes,no
RES,PRY,112,112,1,STUDIO,Available,,,,,697156.2751999999,0.0,697156.2752,1100.0,,697156.28,,,,,,,633.778432,studio,941,yes,no
RES,PRY,113,113,1,STUDIO,Available,,,,,714087.8899,0.0,714087.8899,1100.0,,714087.89,,,,,,,649.170809,studio,942,yes,no
RES,PRY,114,114,1,1 BHK,Available,,,,,1597050.6069,0.0,1597050.607,950.0,,1597050.61,,,,,,,1681.105902,1br,943,yes,no
RES,PRY,115,115,1,1 BHK,Available,,,,,1762642.4445,0.0,1762642.445,900.0,,1762642.45,,,,,,,1958.491605,1br,944,yes,no
RES,PRY,116,116,1,STUDIO,Available,,,,,691946.5475999999,0.0,691946.5476,1100.0,,691946.55,,,,,,,629.042316,studio,945,yes,no
RES,PRY,117,117,1,STUDIO,Available,,,,,678211.8112,0.0,678211.8112,1100.0,,678211.81,,,,,,,616.556192,studio,946,yes,no
RES,PRY,118,118,1,STUDIO,Available,,,,,658793.7355999999,0.0,658793.7356,1100.0,,658793.74,,,,,,,598.903396,studio,947,yes,no
RES,PRY,119,119,1,1 BHK,Available,,,,,1164331.063,0.0,1164331.063,1000.0,,1164331.06,,,,,,,1164.331063,1br,948,yes,no
RES,PRY,121,121,1,1 BHK,Available,,,,,1382170.8712,0.0,1382170.871,1400.0,,1382170.87,,,,,,,987.264908,1br,949,yes,no
RES,PRY,201,201,2,1 BHK,Sold,Omer Ali Taher Adam,Sudan,971588792483,omeraliomer727@gmail.com,870000.0,,870000.0,1259.359972,,870000.0,,,,2026-07-03 00:00:00,,PGS,690.827102,1br,829,yes,no
RES,PRY,202,202,2,1 BHK,Available,,,,,980000.0,0.0,980000.0,1246.168455,,980000.0,,,,,,,786.410534,1br,830,yes,no
RES,PRY,203,203,2,2 BHK,Available,,,,,1471511.2412,0.0,1471511.241,1300.0,,1471511.24,,,,,,,1131.931724,2br,831,yes,no
RES,PRY,205,205,2,1 BHK,Available,,,,,980000.0,0.0,980000.0,1246.339046,,980000.0,,,,,,,786.302895,1br,950,yes,no
RES,PRY,206,206,2,1 BHK,Available,,,,,930000.0,0.0,930000.0,1287.245394,,930000.0,,,,,,,722.472968,1br,951,yes,no
RES,PRY,207,207,2,1 BHK,Available,,,,,970000.0,0.0,970000.0,1306.218814,,970000.0,,,,,,,742.601461,1br,952,yes,no
RES,PRY,208,208,2,STUDIO,Sold,Sayed Feras,Indian,971566665959,ferassayed@gmail.com,569679.4075,0.0,569679.4075,1450.0,,569679.41,,,,2026-05-24 00:00:00,,PGS,392.88235,studio,953,yes,no
RES,PRY,209,209,2,STUDIO,Sold,Abdolrazzagh Keramati,Iran,971559494798,sohailkeramati@gmail.com,572176.6322999999,0.0,572176.6323,1450.0,,572176.63,,Printed,,2026-08-13 00:00:00,,PGS,394.604574,studio,954,yes,no
RES,PRY,210,210,2,STUDIO,Sold,ALKHAIR ABDELAZEM,Turkey,249127057579,Abdelazim.isam16@gmail.com,564060.6516999999,0.0,564060.6517,1450.0,,564060.65,,,,2026-05-17 00:00:00,,PGS,389.007346,studio,955,yes,no
RES,PRY,211,211,2,STUDIO,Sold,Saif Mohamed Hasan Mohamed Alhammadi,UAE,971544678621,abdelazim.isam16@gmail.com,575298.1632999999,0.0,575298.1633,1450.0,,575298.16,,,,2026-02-07 00:00:00,,PGS,396.757354,studio,956,yes,no
RES,PRY,212,212,2,STUDIO,Sold,ABDUL QADIR MUHAMMAD SALEEM,Pakistani,971555644786,aqadir1981@gmail.com,561095.1972499999,0.0,561095.1973,1450.0,,561095.2,Received,Printed,,2026-02-24 00:00:00,,PGS,386.962205,studio,957,yes,no
RES,PRY,213,213,2,STUDIO,Sold,Tahmina Begum,Bangladesh,,,569991.5606,0.0,569991.5606,1450.0,,569991.56,,,,2026-05-20 00:00:00,,PGS,393.097628,studio,958,yes,no
RES,PRY,214,214,2,1 BHK,Available,,,,,1000000.0,0.0,1000000.0,1207.318127,,1000000.0,,,,,,,828.282105,1br,959,yes,no
RES,PRY,215,215,2,1 BHK,Available,,,,,1050000.0,0.0,1050000.0,1147.221997,,1050000.0,,,,,,,915.254417,1br,960,yes,no
RES,PRY,216,216,2,STUDIO,Sold,Mohamed Mohsen Korani Mohamed Mahmoud,Egyptian,966553140844,muhammedmuhsen93@gmail.com,574205.63,0.0,574205.63,1450.000006,,574205.63,,,,2026-03-18 00:00:00,,PGS,396.003881,studio,961,yes,no
RES,PRY,217,217,2,STUDIO,Sold,Ahlam Solaiman Mohammadi,Iran,971507346644,Ahlam.mo76@yahoo.com,574049.5508999999,0.0,574049.5509,1450.0,,574049.55,,Printed,2026-08-22 00:00:00,2026-08-13 00:00:00,,PGS,395.896242,studio,962,yes,no
RES,PRY,218,218,2,STUDIO,Sold,Shahnaz Mohammadyousef Abdoullahi,Iran,971505947995,nazi.4046@gmail.com,561875.5800000001,0.0,561875.58,1450.0,,561875.58,,Printed,2026-08-22 00:00:00,2026-08-13 00:00:00,,PGS,387.5004,studio,963,yes,no
RES,PRY,219,219,2,1 BHK,Available,,,,,970000.0,0.0,970000.0,1264.076813,,970000.0,,,,,,,767.358431,1br,964,yes,no
RES,PRY,221,221,2,1 BHK,Available,,,,,910000.0,0.0,910000.0,1270.923755,,910000.0,,,,,,,716.014628,1br,965,yes,no
RES,PRY,301,301,3,1 BHK,Available,,,,,910000.0,0.0,910000.0,1317.26158,,910000.0,,,,,,,690.827102,1br,966,yes,no
RES,PRY,302,302,3,1 BHK,Sold,Mahdi Noori,Iran,971504042357,noorimehdiart@gmail.com,980000.0,0.0,980000.0,1246.168455,,980000.0,,,,2026-04-09 00:00:00,,PGS,786.410534,1br,967,yes,no
RES,PRY,303,303,3,1 BHK,Available,,,,,970000.0,0.0,970000.0,1265.674663,,970000.0,,,,,,,766.38968,1br,968,yes,no
RES,PRY,304,304,3,STUDIO,Sold,Nosheen Imran,Pakistani,971567939245,lubimkhas@gmail.com,535105.7607,0.0,535105.7607,1460.0,,535105.76,,,,2026-02-06 00:00:00,,PGS,366.510795,studio,969,yes,no
RES,PRY,305,305,3,1 BHK,Available,,,,,980000.0,0.0,980000.0,1246.339046,,980000.0,,,,,,,786.302895,1br,970,yes,no
RES,PRY,306,306,3,1 BHK,Available,,,,,930000.0,0.0,930000.0,1287.245394,,930000.0,,,,,,,722.472968,1br,971,yes,no
RES,PRY,307,307,3,1 BHK,Available,,,,,970000.0,0.0,970000.0,1306.218814,,970000.0,,,,,,,742.601461,1br,972,yes,no
RES,PRY,308,308,3,STUDIO,Sold,Mohammad Abedalaziz Hasan Yaseen,UAE,971558999511,ma.yasin.311@gmail.com,573608.2309999999,0.0,573608.231,1460.0,,573608.23,Received,Sent for Binding,,2026-07-27 00:00:00,,PGS,392.88235,studio,973,yes,no
RES,PRY,309,309,3,STUDIO,Sold,Omer Mighani Bakhit Mohamed,Sudan,971555736227,bakheet.omer@gmail.com,576122.6780399999,0.0,576122.678,1460.0,,576122.68,,,,2026-06-25 00:00:00,,PGS,394.604574,studio,974,yes,no
RES,PRY,310,310,3,STUDIO,Sold,ABID HUSSAIN ARSHAD ALI,Pakistani,971562778527,abidhocane@outlook.com,567950.72516,0.0,567950.7252,1460.0,,567950.73,Received,Sent for Binding,,2026-02-17 00:00:00,,PGS,389.007346,studio,975,yes,no
RES,PRY,311,311,3,STUDIO,Sold,David Vobornik,CZECH REPUBLIC,420774458697,dvobornik@gmail.com,579265.7368399999,0.0,579265.7368,1460.0,,579265.74,,Sent for Binding,2026-03-17 00:00:00,2026-02-06 00:00:00,,PGS,396.757354,studio,976,yes,no
RES,PRY,312,312,3,STUDIO,Sold,AMLESH KUMAR RAMESHWAR YADAV,India,971521541934,amleshkumar9585@gmail.com,564964.8192999999,0.0,564964.8192999999,1460.0,,564964.82,Received,Sent for Binding,,2026-03-25 00:00:00,,PGS,386.962205,studio,977,yes,no
RES,PRY,313,313,3,STUDIO,Sold,Husnain Iqbal Khan,Pakistani,971552511670,mehikhan@yahoo.com,573922.53688,0.0,573922.5369,1460.0,,573922.54,,,,2026-06-22 00:00:00,,PGS,393.097628,studio,978,yes,no
RES,PRY,314,314,3,1 BHK,Available,,,,,1000000.0,0.0,1000000.0,1207.318127,,1000000.0,,,,,,,828.282105,1br,979,yes,no
RES,PRY,315,315,3,1 BHK,Available,,,,,1290508.73,0.0,1290508.73,1410.000002,,1290508.73,,,,,,,915.254417,1br,980,yes,no
RES,PRY,316,316,3,STUDIO,Sold,Mohammad Nasir Haidary,Afghanistan,353894558889,mohammadnasirhidary@gmail.com,578165.66626,5461.61,572704.0563,1446.208191,,572704.06,,,,2026-07-07 00:00:00,,PGS,396.003881,studio,981,yes,no
RES,PRY,317,317,3,STUDIO,Sold,Miroslav Racek,CZECH REPUBLIC,420604241039,Mir.racek@gmail.com,578008.5133199999,57800.85133,520207.662,1314.0,,520207.66,Received,Sent for Binding,2026-04-09 00:00:00,2026-03-06 00:00:00,,PGS,395.896242,studio,982,yes,no
RES,PRY,318,318,3,STUDIO,Sold,Miroslav Racek,CZECH REPUBLIC,420604241039,Mir.racek@gmail.com,565750.584,56575.0584,509175.5256,1314.0,,509175.53,Received,Sent for Binding,2026-04-09 00:00:00,2026-03-06 00:00:00,,PGS,387.5004,studio,983,yes,no
RES,PRY,319,319,3,1 BHK,Available,,,,,970000.0,0.0,970000.0,1264.076813,,970000.0,,,,,,,767.358431,1br,984,yes,no
RES,PRY,321,321,3,1 BHK,Available,,,,,910000.0,0.0,910000.0,1270.923755,,910000.0,,,,,,,716.014628,1br,985,yes,no
RES,PRY,401,401,4,1 BHK,Sold,Muhammad Saad Nomani,PAKISTAN,923218909999,,980974.4848399999,0.0,980974.4848,1420.0,,980974.48,,,,AJ,,,690.827102,1br,986,yes,no
RES,PRY,402,402,4,1 BHK,Sold,Farzanah Hossen,MAURITIUS,AJ,,1116702.95828,111670.2958,1005032.662,1278.0,,1005032.66,,Sent for Signature,,2026-01-13 00:00:00,,PGS,786.410534,1br,987,yes,no
RES,PRY,403,403,4,1 BHK,Available,,,,,1088273.35,0.0,1088273.35,1420.000006,,1088273.35,,,,,,,766.38968,1br,988,yes,no
RES,PRY,404,404,4,STUDIO,Sold,Václav Kulich & Jana Vorudova,CZECH REPUBLIC,420724366621 & 420605981124,vasek.kulich@gmail.com; j.vorudova@gmail.com,538770.86865,26938.54343,511832.3252,1396.5,,511832.33,,Sent for Binding,2026-03-16 00:00:00,2026-01-20 00:00:00,,PGS,366.510795,studio,989,yes,no
RES,PRY,405,405,4,1 BHK,Available,,,,,1116550.11,0.0,1116550.11,1419.999999,,1116550.11,,,,,,,786.302895,1br,990,yes,no
RES,PRY,406,406,4,1 BHK,Sold,Pavel Melek,CZECH REPUBLIC,420777874266,info@pavelmelek.cz,1025911.61456,51295.58073,974616.0338,1349.0,,974616.03,,Sent for Binding,2026-03-13 00:00:00,2026-01-13 00:00:00,,PGS,722.472968,1br,991,yes,no
RES,PRY,407,407,4,1 BHK,Sold,Ladislav Koubek,CZECH REPUBLIC,420777668473,l.koubek@gmail.com,1048811.89,52440.5945,996371.2955,1341.730858,,996371.3,,Sent for Signature,,2026-01-21 00:00:00,,PGS,742.601461,1br,992,yes,no
RES,PRY,408,408,4,STUDIO,Sold,Aneta Trzicka,CZECH REPUBLIC,420604823110,trzickyjakub@gmail.com,577537.0545,28876.85273,548660.2018,1396.5,,548660.2,,Sent for Binding,2026-03-18 00:00:00,2026-01-27 00:00:00,,PGS,392.88235,studio,993,yes,no
RES,PRY,409,409,4,STUDIO,Sold,Radek Jagr,CZECH REPUBLIC,420603279644,radek.jagr@jesenickastavebni.cz,580068.7237799999,29003.43619,551065.2876,1396.5,,551065.29,,Counter-Signed by Seller,2026-03-16 00:00:00,2026-01-30 00:00:00,,PGS,394.604574,studio,994,yes,no
RES,PRY,410,410,4,STUDIO,Sold,Jiri Krejci,CZECH REPUBLIC,420728978793,jirka.krejci90@gmail.com,571840.79862,28592.03993,543248.7587,1396.5,,543248.76,,Counter-Signed by Seller,2026-03-17 00:00:00,2026-01-13 00:00:00,,PGS,389.007346,studio,995,yes,no
RES,PRY,411,411,4,STUDIO,Sold,Vojtech Krotil,CZECH REPUBLIC,420728803838,krotil96@seznam.cz,583233.3103799999,29161.66552,554071.6449,1396.5,,554071.64,,Sent for Signature,,2026-01-19 00:00:00,,PGS,396.757354,studio,996,yes,no
RES,PRY,412,412,4,STUDIO,Sold,Plamen Petrov,CZECH REPUBLIC & BULGARIA,420777778357,info@vip-klima.cz,568834.4413499999,28441.72207,540392.7193,1396.5,,540392.72,,Sent for Signature,,2026-01-14 00:00:00,,PGS,386.962205,studio,997,yes,no
RES,PRY,413,413,4,STUDIO,Sold,Iva Janickova,CZECH REPUBLIC,420605720890,i.janickova@seznam.cz,577853.51316,57785.35132,520068.1618,1323.0,,520068.16,,Sent for Binding,2026-03-14 00:00:00,2026-01-14 00:00:00,,PGS,393.097628,studio,998,yes,no
RES,PRY,414,414,4,1 BHK,Available,,,,,1176160.59,0.0,1176160.59,1420.000001,,1176160.59,,,,,,,828.282105,1br,999,yes,no
RES,PRY,415,415,4,1 BHK,Available,,,,,1299661.27,0.0,1299661.27,1419.999998,,1299661.27,,,,,,,915.254417,1br,1000,yes,no
RES,PRY,416,416,4,STUDIO,Sold,David Vobornik,CZECH REPUBLIC,420774458697,dvobornik@gmail.com,582125.70507,29106.28525,553019.4198,1396.5,,553019.42,,Counter-Signed by Seller,2026-03-17 00:00:00,2026-01-22 00:00:00,,PGS,396.003881,studio,1001,yes,no
RES,PRY,417,417,4,STUDIO,Sold,Miroslav Merinsky,CZECH REPUBLIC,971588691297,miroslav.merinsky@gmail.com,581967.4757399999,29098.37379,552869.102,1396.5,,552869.1,,Counter-Signed by Seller,2026-03-17 00:00:00,2026-01-14 00:00:00,,PGS,395.896242,studio,1002,yes,no
RES,PRY,418,418,4,STUDIO,Sold,Jitka Zieba,CZECH REPUBLIC,4915223392696 & 971527641750,jitka.zieba@gmail.com,569625.588,28481.2794,541144.3086,1396.5,,541144.31,,Counter-Signed by Seller,2026-03-17 00:00:00,2026-01-14 00:00:00,,PGS,387.5004,studio,1003,yes,no
RES,PRY,419,419,4,1 BHK,Available,,,,,1089648.97,0.0,1089648.97,1419.999997,,1089648.97,,,,,,,767.358431,1br,1004,yes,no
RES,PRY,421,421,4,1 BHK,Available,,,,,1016740.77,0.0,1016740.77,1419.999998,,1016740.77,,,,,,,716.014628,1br,1005,yes,no
RES,PRY,501,501,5,1 BHK,Sold,Muhammad Usman,USA,17348900342,docusman87@gmail.com,910000.0,0.0,910000.0,1317.26158,,910000.0,,Sent for Binding,2026-09-01 00:00:00,2026-08-18 00:00:00,,PGS,690.827102,1br,1006,yes,no
RES,PRY,502,502,5,1 BHK,Sold,Nashwan Darwish Taalo Taalo,Iraqi,491796780176,salwan.alkuti@gmx.de,980000.0,9800.0,970200.0,1233.70677,,970200.0,,,,2026-05-06 00:00:00,,PGS,786.410534,1br,1007,yes,no
RES,PRY,503,503,5,1 BHK,Available,,,,,980000.0,0.0,980000.0,1278.722855,,980000.0,,,,,,,766.38968,1br,1008,yes,no
RES,PRY,504,504,5,STUDIO,Sold,Petr Hora,CZECH REPUBLIC,420731412308,horapetr@seznam.cz,542435.9765999999,0.0,542435.9766,1480.0,,542435.98,,Counter-Signed by Seller,2026-03-16 00:00:00,2026-02-06 00:00:00,,PGS,366.510795,studio,1009,yes,no
RES,PRY,505,505,5,1 BHK,Sold,Nashwan Darwish Taalo Taalo,Iraqi,491796780176,salwan.alkuti@gmx.de,985000.0,9850.0,975150.0,1240.170939,,975150.0,,,,2026-05-06 00:00:00,,PGS,786.302895,1br,1010,yes,no
RES,PRY,506,506,5,1 BHK,Available,,,,,930000.0,0.0,930000.0,1287.245394,,930000.0,,,,,,,722.472968,1br,1011,yes,no
RES,PRY,507,507,5,1 BHK,Available,,,,,970000.0,0.0,970000.0,1306.218814,,970000.0,,,,,,,742.601461,1br,1012,yes,no
RES,PRY,508,508,5,STUDIO,Sold,Rana Elmoaz Yousif Elamin,Sudan,14372149677,elamin.rana@yahoo.com,581465.8779999999,0.0,581465.878,1480.0,,581465.88,,,,2026-06-29 00:00:00,,PGS,392.88235,studio,1013,yes,no
RES,PRY,509,509,5,STUDIO,Sold,Gustavo Martin Villoldo,Argentina,5491156164207,gvilloldo2012@gmail.com,584014.76952,0.0,584014.7695,1480.0,,584014.77,,,,2026-05-06 00:00:00,,PGS,394.604574,studio,1014,yes,no
RES,PRY,510,510,5,STUDIO,Sold,Muhammad Imran,Pakistani,,,572704.06,0.0,572704.06,1472.219139,,572704.06,Received,,,2026-02-23 00:00:00,,PGS,389.007346,studio,1015,yes,no
RES,PRY,511,511,5,STUDIO,Sold,RICCARDO CREMON,Italy,971524725411,cremonriccardo@yahoo.com,594346.48,0.0,594346.48,1498.00999,,594346.48,,Signed By Purchaser,2026-05-20 00:00:00,2026-05-11 00:00:00,,PGS,396.757354,studio,1016,yes,no
RES,PRY,512,512,5,STUDIO,Sold,JABOR MOHAMED A J AL NUAIMI,Qatari,97455852277,j.nuaimi@yahoo.com,572704.0633999999,0.0,572704.0634,1480.0,,572704.06,,Signed By Purchaser,2026-09-16 00:00:00,2026-04-25 00:00:00,,PGS,386.962205,studio,1017,yes,no
RES,PRY,513,513,5,STUDIO,Sold,Usha Rajiv Malhotra,Great Britain,971504879371,rajmalhot81@gmail.com,581784.48944,0.0,581784.4894,1480.0,,581784.49,,,,2026-01-07 00:00:00,,PGS,393.097628,studio,1018,yes,no
RES,PRY,514,514,5,1 BHK,Available,,,,,1000000.0,0.0,1000000.0,1207.318127,,1000000.0,,,,,,,828.282105,1br,1019,yes,no
RES,PRY,515,515,5,1 BHK,Available,,,,,1100000.0,0.0,1100000.0,1201.851616,,1100000.0,,,,,,,915.254417,1br,1020,yes,no
RES,PRY,516,516,5,STUDIO,Sold,Vitali Leudanski,Belarus,375297075547,julia_voropayeva@mail.ru,586085.74388,0.0,586085.7439,1480.0,,586085.74,,,,2026-06-25 00:00:00,,PGS,396.003881,studio,1021,yes,no
RES,PRY,517,517,5,STUDIO,Sold,Hamza Nouradine,Fancaise,33603752546,nouradinehamza@gmail.com,585926.4381599999,11718.52876,574207.9094,1450.4,,574207.91,,,,2026-06-16 00:00:00,,PGS,395.896242,studio,1022,yes,no
RES,PRY,518,518,5,STUDIO,Sold,Roman Holod,Ukraine,385998603319,romanholod94@gmail.com,573500.5920000001,0.0,573500.592,1480.0,,573500.59,,,,2026-08-11 00:00:00,,PGS,387.5004,studio,1023,yes,no
RES,PRY,519,519,5,STUDIO,Sold,Khadija Rahimi,Afghanistan,4917670102132,khadijahrahimi32@gmail.com,589271.8582799999,0.0,589271.8583,1480.0,,589271.86,,,,2026-07-14 00:00:00,,PGS,398.156661,studio,1024,yes,no
RES,PRY,520,520,5,STUDIO,Sold,Sameera Javed (NSN),INDIA,16473369922,sameera.javed@yahoo.com,592139.36124,59213.93612,532925.4251,1332.0,,532925.43,,Signed By Purchaser,2026-03-22 00:00:00,2026-01-14 00:00:00,,PGS,400.094163,studio,1025,yes,no
RES,PRY,521,521,5,1 BHK,Available,,,,,920000.0,0.0,920000.0,1283.153874,,920000.0,,,,,,,716.983379,1br,1026,yes,no
