odoo_id,project,unit,state_odoo,state_target,price_old,price_new,sale_price_old,sale_price_new,area_old,area_new,unit_type_old,unit_type_new,floor_old,floor_new,admin_fee_old,admin_fee_new
833,GOLF,101,available,available,0.0,1242983.0,0.0,1242983.0,0.0,1014.68,studio,2br,,,,
834,GOLF,102,available,available,0.0,1296020.1,0.0,1296020.1,0.0,1040.98,1br,2br,,,,
835,GOLF,103,available,available,0.0,1339602.6,0.0,1339602.6,0.0,1175.09,,,,,,
836,GOLF,104,available,available,0.0,711848.8,0.0,711848.8,0.0,684.47,3br,studio,,,,
837,GOLF,201,available,available,0.0,1268350.0,0.0,1268350.0,0.0,1014.68,studio,2br,,,,
838,GOLF,202,available,available,0.0,1316839.7,0.0,1316839.7,0.0,1040.98,1br,2br,,,,
839,GOLF,203,available,available,0.0,1363104.4,0.0,1363104.4,0.0,1175.09,,,,,,
840,GOLF,204,available,available,0.0,732382.9,0.0,732382.9,0.0,684.47,3br,studio,,,,
1146,BR2,Unit 101,sold,sold,0.0,2209581.1,0.0,2209581.1,,,,,,,0.0,6000.0
1147,BR2,Unit 102,sold,sold,0.0,1068670.561,0.0,1068670.561,,,,,,,,
1148,BR2,Unit 103,sold,sold,0.0,1669440.525,0.0,1669440.525,,,,,,,0.0,6000.0
1149,BR2,Unit 104,sold,sold,0.0,1024867.09,0.0,1024867.09,,,,,,,,
1150,BR2,Unit 105,sold,sold,0.0,1032308.493,0.0,1032308.493,,,,,,,,
1151,BR2,Unit 106,sold,sold,0.0,1613904.0,0.0,1565486.88,,,,,,,0.0,3000.0
1152,BR2,Unit 107,sold,sold,0.0,1065901.656,0.0,1065901.656,,,,,,,0.0,6000.0
1153,BR2,Unit 108,sold,sold,0.0,1068949.992,0.0,1068949.992,,,,,,,0.0,6000.0
1154,BR2,Unit 109,sold,sold,0.0,2063400.88,0.0,2063400.88,,,,,,,,
1155,BR2,Unit 201,sold,sold,0.0,2228129.453,0.0,2228129.453,,,,,,,,
1156,BR2,Unit 202,sold,sold,0.0,1076395.991,0.0,1076395.991,,,,,,,,
1157,BR2,Unit 203,sold,sold,0.0,1049857.463,0.0,1049857.463,,,,,,,0.0,3000.0
1158,BR2,Unit 204,sold,sold,0.0,1057707.583,0.0,1057707.583,,,,,,,,
1159,BR2,Unit 205,sold,sold,0.0,1049069.006,0.0,1049069.006,,,,,,,,
1160,BR2,Unit 206,sold,sold,0.0,2682864.625,0.0,2682864.625,,,,,,,,
1161,BR2,Unit 207,sold,sold,0.0,2336399.86,0.0,2336399.86,,,,,,,,
1162,BR2,Unit 208,sold,sold,0.0,1056596.209,0.0,1056596.209,,,,,,,,
1163,BR2,Unit 209,sold,sold,0.0,1571136.529,0.0,1571136.529,,,,,,,0.0,6000.0
1164,BR2,Unit 210,sold,sold,0.0,1073654.854,0.0,1073654.854,,,,,,,0.0,3000.0
1165,BR2,Unit 211,sold,sold,0.0,2108798.589,0.0,2108798.589,,,,,,,,
1166,BR2,Unit 212,sold,available,0.0,2400230.925,0.0,2400230.925,,,,,,,,
1167,BR2,Unit 301,sold,sold,0.0,2220874.577,0.0,2220874.577,,,,,,,,
1168,BR2,Unit 302,sold,sold,0.0,1086655.505,0.0,1086655.505,,,,,,,0.0,6000.0
1169,BR2,Unit 303,sold,sold,0.0,1705180.581,0.0,1705180.581,,,,,,,,
1170,BR2,Unit 304,sold,sold,0.0,1057169.925,0.0,1057169.925,,,,,,,,
1171,BR2,Unit 305,sold,sold,0.0,2702185.629,0.0,2648141.917,,,,,,,,
1172,BR2,Unit 306,sold,sold,0.0,1089703.629,0.0,1089703.629,,,,,,,0.0,3000.0
1173,BR2,Unit 307,sold,sold,0.0,1113253.558,0.0,1113253.558,,,,,,,,
1174,BR2,Unit 308,sold,sold,0.0,1085684.6,0.0,1085684.6,,,,,,,0.0,2920.0
1175,BR2,Unit 309,sold,sold,0.0,2714486.196,0.0,2714486.196,,,,,,,,
1176,BR2,Unit 310,sold,sold,0.0,1048437.165,0.0,1048437.165,,,,,,,0.0,3000.0
1177,BR2,Unit 311,sold,sold,0.0,1646674.853,0.0,1646674.853,,,,,,,0.0,6000.0
1178,BR2,Unit 312,sold,sold,0.0,1083839.666,0.0,1083839.666,,,,,,,0.0,3000.0
1179,BR2,Unit 313,sold,sold,0.0,1112672.307,0.0,1112672.307,,,,,,,0.0,6000.0
1180,BR2,Unit 314,sold,sold,0.0,1977879.085,0.0,1977879.085,,,,,,,0.0,6000.0
1181,BR2,Unit 401,sold,sold,0.0,2327713.923,0.0,2327713.923,,,,,,,,
1182,BR2,Unit 402,sold,sold,0.0,1094486.68,0.0,1094486.68,,,studio,1br,,,0.0,6000.0
1183,BR2,Unit 403,sold,sold,0.0,1066325.815,0.0,1066325.815,,,,,,,0.0,6000.0
1184,BR2,Unit 404,sold,sold,0.0,1074159.681,0.0,1074159.681,,,,,,,0.0,6000.0
1185,BR2,Unit 405,sold,sold,0.0,1065270.844,0.0,1065270.844,,,,,,,0.0,6000.0
1186,BR2,Unit 406,sold,sold,0.0,2385818.049,0.0,2385818.049,,,,,,,0.0,6000.0
1187,BR2,Unit 407,sold,sold,0.0,1098366.639,0.0,1098366.639,,,,,,,0.0,6000.0
1188,BR2,Unit 408,sold,sold,0.0,1120574.309,0.0,1120574.309,,,,,,,,
1189,BR2,Unit 409,sold,sold,0.0,2790850.543,0.0,2790850.543,,,,,,,0.0,6000.0
1190,BR2,Unit 410,sold,sold,0.0,1056596.209,0.0,1056596.209,,,,,,,0.0,6000.0
1191,BR2,Unit 411,sold,sold,0.0,1601666.638,0.0,1601666.638,,,,,,,0.0,6000.0
1192,BR2,Unit 412,sold,sold,0.0,1091569.0,0.0,1091569.0,,,,,,,,
1193,BR2,Unit 413,sold,sold,0.0,1137766.857,0.0,1137766.857,,,,,,,,
1194,BR2,Unit 414,sold,sold,0.0,2229692.157,0.0,2229692.157,,,,,,,0.0,6000.0
1195,BR2,Unit 501,sold,sold,0.0,2341875.461,0.0,2341875.461,,,,,,,0.0,6000.0
1196,BR2,Unit 502,sold,sold,0.0,1103532.025,0.0,1103532.025,,,,,,,0.0,6000.0
1197,BR2,Unit 503,sold,sold,0.0,1106970.879,0.0,1106970.879,,,,,,,0.0,6000.0
1198,BR2,Unit 504,sold,sold,0.0,1049411.837,0.0,1049411.837,,,,,,,0.0,6000.0
1199,BR2,Unit 505,sold,sold,0.0,1073371.763,0.0,1073371.763,,,,,,,,
1200,BR2,Unit 506,sold,sold,0.0,2705826.479,0.0,2705826.479,,,,,,,,
1201,BR2,Unit 507,sold,sold,0.0,1106947.629,0.0,1106947.629,,,,,,,0.0,6000.0
1202,BR2,Unit 508,sold,sold,0.0,1116995.201,0.0,1116995.201,,,,,,,0.0,6000.0
1203,BR2,Unit 509,sold,sold,0.0,2396879.044,0.0,2396879.044,,,,,,,0.0,6000.0
1204,BR2,Unit 510,sold,sold,0.0,1081073.341,0.0,1081073.341,,,,,,,,
1205,BR2,Unit 511,sold,sold,0.0,1679444.502,0.0,1679444.502,,,,,,,0.0,6000.0
1206,BR2,Unit 512,sold,sold,0.0,1101903.66,0.0,1101903.66,,,,,,,,
1207,BR2,Unit 513,sold,sold,0.0,1105449.293,0.0,1105449.293,,,,,,,,
1208,BR2,Unit 514,sold,sold,0.0,1971308.04,0.0,1971308.04,,,,,,,,
1209,BR2,Unit 515,sold,sold,0.0,2142300.184,0.0,2142300.184,,,,,,,0.0,2970.0
1210,BR2,Unit 601,sold,sold,0.0,2346150.348,0.0,2346150.348,,,,,,,0.0,6000.0
1211,BR2,Unit 602,sold,sold,0.0,1113821.893,0.0,1113821.893,,,,,,,0.0,6000.0
1212,BR2,Unit 603,sold,sold,0.0,1115304.729,0.0,1115304.729,,,,,,,0.0,6000.0
1213,BR2,Unit 604,sold,sold,0.0,1090890.566,0.0,1090890.566,,,,,,,0.0,109089.1
1214,BR2,Unit 605,sold,sold,0.0,1081472.682,0.0,1081472.682,,,,,,,,
1215,BR2,Unit  606,sold,sold,0.0,2402792.004,0.0,2402792.004,,,,,,,,
1216,BR2,Unit 607,sold,sold,0.0,1138514.411,0.0,1138514.411,,,,,,,,
1217,BR2,Unit 608,sold,sold,0.0,1111330.693,0.0,1111330.693,,,,,,,,
1218,BR2,Unit 609,sold,sold,0.0,2438472.085,0.0,2438472.085,,,,,,,0.0,6000.0
1219,BR2,Unit 610,sold,sold,0.0,1072914.297,0.0,1072914.297,,,,,,,,
1220,BR2,Unit 611,sold,sold,0.0,1578785.686,0.0,1578785.686,,,,,,,0.0,6000.0
1221,BR2,Unit 612,sold,sold,0.0,1109611.697,0.0,1109611.697,,,,,,,,
1222,BR2,Unit 613,sold,sold,0.0,2289386.867,0.0,2289386.867,,,,,,,0.0,6000.0
1223,BR2,Unit 614,sold,sold,0.0,1182473.037,0.0,1182473.037,,,,,,,,
1224,BR2,Unit 615,sold,sold,0.0,1234755.072,0.0,1234755.072,,,,,,,0.0,6000.0
1225,BR2,Unit 701,sold,sold,0.0,1100507.366,0.0,1100507.366,,,,,,,0.0,6000.0
1226,BR2,Unit 702,sold,sold,0.0,1134369.767,0.0,1134369.767,,,,,,,,
1227,BR2,Unit 703,sold,sold,0.0,1099186.311,0.0,1099186.311,,,,,,,0.0,3000.0
1228,BR2,Unit 704,sold,sold,0.0,1089573.601,0.0,1089573.601,,,,,,,0.0,6000.0
1229,BR2,Unit 705,sold,available,0.0,3650682.685,0.0,3650682.685,,,,,,,,
1230,BR2,Unit 706,sold,sold,0.0,2482931.663,0.0,2482931.663,,,,,,,0.0,6000.0
1231,BR2,Unit 707,sold,sold,0.0,1097391.429,0.0,1097391.429,,,,,,,0.0,6000.0
1232,BR2,Unit 708,sold,sold,0.0,1594107.144,0.0,1594107.144,,,,,,,0.0,6000.0
1233,BR2,Unit 709,sold,available,0.0,1230045.161,0.0,1230045.161,,,,,,,,
1234,BR2,Unit 710,sold,sold,0.0,1123304.467,0.0,1123304.467,,,,,,,0.0,6000.0
1235,BR2,Unit 711,sold,sold,0.0,2200432.835,0.0,2200432.835,,,,,,,0.0,6000.0
1236,BR2,Unit 712,sold,sold,0.0,2004099.755,0.0,2004099.755,,,,,,,,
1237,BR2,Unit 713,sold,sold,0.0,1136812.098,0.0,1136812.098,,,,,,,,
825,RES,101,available,available,650000.0,982679.4866,0.0,982679.4866,,,,,,,,
826,RES,102,available,available,650000.0,1100824.053,0.0,1100824.053,,,,,,,,
934,RES,105,available,available,0.0,1100824.053,0.0,1100824.053,,,,,,,,
935,RES,106,available,available,0.0,1011462.2,0.0,1011462.2,,,,,,,,
936,RES,107,available,available,0.0,1461436.2308,0.0,1461436.2308,,,,,,,,
937,RES,108,available,available,0.0,662582.6284,0.0,662582.6284,,,,,,,,
938,RES,109,available,available,0.0,674778.1271,0.0,674778.1271,,,,,,,,
939,RES,110,available,available,0.0,678803.8256999999,0.0,678803.8256999999,,,,,,,,
940,RES,111,available,available,0.0,697629.8868,0.0,697629.8868,,,,,,,,
941,RES,112,available,available,0.0,697156.2751999999,0.0,697156.2751999999,,,,,,,,
942,RES,113,available,available,0.0,714087.8899,0.0,714087.8899,,,,,,,,
943,RES,114,available,available,0.0,1597050.6069,0.0,1597050.6069,,,,,,,,
944,RES,115,available,available,0.0,1762642.4445,0.0,1762642.4445,,,,,,,,
945,RES,116,available,available,0.0,691946.5475999999,0.0,691946.5475999999,,,,,,,,
946,RES,117,available,available,0.0,678211.8112,0.0,678211.8112,,,,,,,,
947,RES,118,available,available,0.0,658793.7355999999,0.0,658793.7355999999,,,,,,,,
948,RES,119,available,available,0.0,1164331.063,0.0,1164331.063,,,,,,,,
949,RES,121,available,available,0.0,1382170.8712,0.0,1382170.8712,,,,,,,,
829,RES,201,available,sold,650000.0,870000.0,0.0,870000.0,,,,,,,,
830,RES,202,available,available,650000.0,980000.0,0.0,980000.0,,,,,,,,
831,RES,203,available,available,650000.0,1471511.2412,0.0,1471511.2412,,,,,,,,
950,RES,205,available,available,0.0,980000.0,0.0,980000.0,,,,,,,,
951,RES,206,available,available,0.0,930000.0,0.0,930000.0,,,,,,,,
952,RES,207,available,available,0.0,970000.0,0.0,970000.0,,,,,,,,
953,RES,208,available,sold,0.0,569679.4075,0.0,569679.4075,,,,,,,,
954,RES,209,available,sold,0.0,572176.6322999999,0.0,572176.6323,,,,,,,,
955,RES,210,available,sold,0.0,564060.6516999999,0.0,564060.6517,,,,,,,,
956,RES,211,available,sold,0.0,575298.1632999999,0.0,575298.1633,,,,,,,,
957,RES,212,available,sold,0.0,561095.1972499999,0.0,561095.1973,,,,,,,,
958,RES,213,available,sold,0.0,569991.5606,0.0,569991.5606,,,,,,,,
959,RES,214,available,available,0.0,1000000.0,0.0,1000000.0,,,,,,,,
960,RES,215,available,available,0.0,1050000.0,0.0,1050000.0,,,,,,,,
961,RES,216,available,sold,0.0,574205.63,0.0,574205.63,,,,,,,,
962,RES,217,available,sold,0.0,574049.5508999999,0.0,574049.5509,,,,,,,,
963,RES,218,available,sold,0.0,561875.5800000001,0.0,561875.58,,,,,,,,
964,RES,219,available,available,0.0,970000.0,0.0,970000.0,,,,,,,,
965,RES,221,available,available,0.0,910000.0,0.0,910000.0,,,,,,,,
966,RES,301,available,available,0.0,910000.0,0.0,910000.0,,,,,,,,
967,RES,302,available,sold,0.0,980000.0,0.0,980000.0,,,,,,,,
968,RES,303,available,available,0.0,970000.0,0.0,970000.0,,,,,,,,
969,RES,304,available,sold,0.0,535105.7607,0.0,535105.7607,,,,,,,,
970,RES,305,available,available,0.0,980000.0,0.0,980000.0,,,,,,,,
971,RES,306,available,available,0.0,930000.0,0.0,930000.0,,,,,,,,
972,RES,307,available,available,0.0,970000.0,0.0,970000.0,,,,,,,,
973,RES,308,available,sold,0.0,573608.2309999999,0.0,573608.231,,,,,,,,
974,RES,309,available,sold,0.0,576122.6780399999,0.0,576122.678,,,,,,,,
975,RES,310,available,sold,0.0,567950.72516,0.0,567950.7252,,,,,,,,
976,RES,311,available,sold,0.0,579265.7368399999,0.0,579265.7368,,,,,,,,
977,RES,312,available,sold,0.0,564964.8192999999,0.0,564964.8192999999,,,,,,,,
978,RES,313,available,sold,0.0,573922.53688,0.0,573922.5369,,,,,,,,
979,RES,314,available,available,0.0,1000000.0,0.0,1000000.0,,,,,,,,
980,RES,315,available,available,0.0,1290508.73,0.0,1290508.73,,,,,,,,
981,RES,316,available,sold,0.0,578165.66626,0.0,572704.0563,,,,,,,,
982,RES,317,available,sold,0.0,578008.5133199999,0.0,520207.662,,,,,,,,
983,RES,318,available,sold,0.0,565750.584,0.0,509175.5256,,,,,,,,
984,RES,319,available,available,0.0,970000.0,0.0,970000.0,,,,,,,,
985,RES,321,available,available,0.0,910000.0,0.0,910000.0,,,,,,,,
986,RES,401,available,sold,0.0,980974.4848399999,0.0,980974.4848,,,,,,,,
987,RES,402,available,sold,0.0,1116702.95828,0.0,1005032.662,,,,,,,,
988,RES,403,available,available,0.0,1088273.35,0.0,1088273.35,,,,,,,,
989,RES,404,available,sold,0.0,538770.86865,0.0,511832.3252,,,,,,,,
990,RES,405,available,available,0.0,1116550.11,0.0,1116550.11,,,,,,,,
991,RES,406,available,sold,0.0,1025911.61456,0.0,974616.0338,,,,,,,,
992,RES,407,available,sold,0.0,1048811.89,0.0,996371.2955,,,,,,,,
993,RES,408,available,sold,0.0,577537.0545,0.0,548660.2018,,,,,,,,
994,RES,409,available,sold,0.0,580068.7237799999,0.0,551065.2876,,,,,,,,
995,RES,410,available,sold,0.0,571840.79862,0.0,543248.7587,,,,,,,,
996,RES,411,available,sold,0.0,583233.3103799999,0.0,554071.6449,,,,,,,,
997,RES,412,available,sold,0.0,568834.4413499999,0.0,540392.7193,,,,,,,,
998,RES,413,available,sold,0.0,577853.51316,0.0,520068.1618,,,,,,,,
999,RES,414,available,available,0.0,1176160.59,0.0,1176160.59,,,,,,,,
1000,RES,415,available,available,0.0,1299661.27,0.0,1299661.27,,,,,,,,
1001,RES,416,available,sold,0.0,582125.70507,0.0,553019.4198,,,,,,,,
1002,RES,417,available,sold,0.0,581967.4757399999,0.0,552869.102,,,,,,,,
1003,RES,418,available,sold,0.0,569625.588,0.0,541144.3086,,,,,,,,
1004,RES,419,available,available,0.0,1089648.97,0.0,1089648.97,,,,,,,,
1005,RES,421,available,available,0.0,1016740.77,0.0,1016740.77,,,,,,,,
1006,RES,501,available,sold,0.0,910000.0,0.0,910000.0,,,,,,,,
1007,RES,502,available,sold,0.0,980000.0,0.0,970200.0,,,,,,,,
1008,RES,503,available,available,0.0,980000.0,0.0,980000.0,,,,,,,,
1009,RES,504,available,sold,0.0,542435.9765999999,0.0,542435.9766,,,,,,,,
1010,RES,505,available,sold,0.0,985000.0,0.0,975150.0,,,,,,,,
1011,RES,506,available,available,0.0,930000.0,0.0,930000.0,,,,,,,,
1012,RES,507,available,available,0.0,970000.0,0.0,970000.0,,,,,,,,
1013,RES,508,available,sold,0.0,581465.8779999999,0.0,581465.878,,,,,,,,
1014,RES,509,available,sold,0.0,584014.76952,0.0,584014.7695,,,,,,,,
1015,RES,510,available,sold,0.0,572704.06,0.0,572704.06,,,,,,,,
1016,RES,511,available,sold,0.0,594346.48,0.0,594346.48,,,,,,,,
1017,RES,512,available,sold,0.0,572704.0633999999,0.0,572704.0634,,,,,,,,
1018,RES,513,available,sold,0.0,581784.48944,0.0,581784.4894,,,,,,,,
1019,RES,514,available,available,0.0,1000000.0,0.0,1000000.0,,,,,,,,
1020,RES,515,available,available,0.0,1100000.0,0.0,1100000.0,,,,,,,,
1021,RES,516,available,sold,0.0,586085.74388,0.0,586085.7439,,,,,,,,
1022,RES,517,available,sold,0.0,585926.4381599999,0.0,574207.9094,,,,,,,,
1023,RES,518,available,sold,0.0,573500.5920000001,0.0,573500.592,,,,,,,,
1024,RES,519,available,sold,0.0,589271.8582799999,0.0,589271.8583,,,,,,,,
1025,RES,520,available,sold,0.0,592139.36124,0.0,532925.4251,,,,,,,,
1026,RES,521,available,available,0.0,920000.0,0.0,920000.0,716.01,716.983379,,,,,,
