broker_key,name,contact_name,contact_email,contact_mobile
bk:rassorealestatellcsoc,Rasso Real Estate LLC S.O.C,Sahra,sahrazobair85@gmail.com,971503258438
bk:marvicrealestate,Marvic Real Estate,Nathan,naykabeya@gmail.com,
bk:skyluxerealestate,Skyluxe Real Estate,Pauline Ewa Harris,,
bk:whitewillrealestate,Whitewill Real Estate,Iuliia Predeina,j.predeina@whitewill.ae,5089876020
bk:tanamiproperites,Tanami Properites,Mohamed Kamel Sayed Ahmed Elgeziry,kamila@tanamiproperties.ae,5820929620
bk:seeniunpropertes,Seeniun Propertes,,,
bk:a1properties,A1 Properties,Olga Degelo,olga.d@a1properties.com,5231447920
bk:primadomrealestate,Primadom Real Estate,Kameta Shaipova,,
bk:pearlshinerealestatellc,Pearl Shine Real Estate L.L.C,Ihsan Ullah Daud,,
bk:proaceproparties,Pro Ace Proparties,Behnaz Yahyaei,,
bk:whitecorealestate,White&Co Real Estate,Michael John Railes,,
bk:nationwideexcellencymiddleeastproperties,Nation Wide Excellency Middle East Properties,Fady Karim,,
bk:iotbonjourstechnologiesest,IOT Bonjours Technologies Est,Jeremy Andre Bontemps,,
bk:wizipropertiesllc,Wizi Properties LLC,Maksim Golovnia,,
bk:hsrealestate,H&S Real Estate,Fahad Sana Ul Haq,,
bk:sunapropertiesllc,Suna Properties LLC,Umit suna,,
bk:terraelite,Terra Elite,Monaime Koudia,,
bk:pargonpropparites,PARGON PROPPARITES,Karun Singh Meyon,,
bk:bayutaldarrealestate,Bayut Aldar Real Estate,TADWA ELSAYED HAMED ALI,,0507964617
bk:fursatalomarrealestate,Fursat Al Omar Real Estate,Mahmoud Adnan A A Abdel Rauof,,
bk:tashinternationalrealty,T Ash International Realty,Ryan Booth,Ryan.booth@tyronash.com,971585700448
bk:goldcrestrealestatellc,GOLDCREST REAL ESTATE L.L.C,,,
bk:nationwideexcellencymiddleeastepropartes,Nation Wide Excellency Middle Easte Propartes,Nancy Younes,,
bk:propartiesexchangerealestate,Proparties Exchange Real Estate,Ikram Abbasi Muhammad Shubban Abbasi,,
bk:palmeraeliterealbrokeragellc,Palmera Elite Real Brokerage LLC,Demitri Askinadze,,
bk:novagenesisrealestate,Nova & Genesis Real Estate,Samer Amal,dr.sameramal@gmail.com,5443183520
bk:skyluxerealestatebrokeragellc,Skyluxe Real Estate Brokerage LLC,Paulina Ewa Harris,info@skyluxe.ae,5082325070
bk:richrootsrealestate,Rich Roots Real Estate,Mikhail Semenov,,
bk:nationwideexcellencymiddleeasteproparites,Nation Wide Excellency Middle Easte Proparites,Fady Karim,nimcy.youness@nvmeb.com,5980136840
bk:insidepremiumpropertiesllc,Inside Premium Properties LLC,Firuz Khalikdzhanov,ryan.booth@tyronash.com,5857004480
bk:lightluxuryrealestate,Light Luxury Real Estate,Vivian Ekama,,
bk:firsteditionrealty,First Edition Realty,Nikolay Krantsevich,,
bk:alfkanzrealestaebroker,Alf Kanz Real Estae Broker,Ahmad Ebrahim Zarei,,
bk:fursatalomarrealestae,Fursat Al Omar Real Estae,Mahmoud Adnan A A Abdel Rauof,,
bk:omerealestate,OME Real Estate,Emre Omeroglu,emre@omerealestate.com,0585520075
bk:strattsignaturerealestate,Stratt Signature Real Estate,Kamran Durrani Fakhar Alam,islamaliyev53@gmail.com,5626230070
bk:klmaqanforbuyingandsellingrealestate,KL Maqan for Buying and Selling Real Estate,Chamini Premathilaka,,
bk:parkrealestate,Park Real Estate,Osama Jabbar,osamajabbar@hotmail.com,5649510010
bk:therealestagency,The Real Estagency,Alexandros Georgios,,
bk:ubransunriserealty,Ubran Sunrise Realty,Rishi Kriplani,,
bk:topaddrescityrealestatellc,Top Addres City Real Estate LLC,Dzhalil Shangareev,mahamad_32@yahoo.com,5861960060
bk:proprertyshopinvesmentrealestate,Proprerty Shop Invesment Real Estate,Syed M. Fakhur,,
bk:unionsquarehouserealestate,Union Square House Real Estate,Arserii Veprev,,
bk:roofsandrootsrealestate,Roofs and Roots Real Estate,Maria Fedotova,maria@roofsnroots.com,5051922480
bk:signaturerealityhomesrealestate,Signature Reality Homes Real Estate,Yanfeng Zhong,zhong@signaturehomesuae.com,5623499880
bk:thomgerryrealestate,Thom&Gerry Real Estate,Geraldine Peyraud,GERY@THOMANDGERY.COM,0529161666
bk:neginskiyrealestate,Neginskiy Real Estate,Andrey Neginskiy,,
bk:unitecirclerealestate,Unite Circle Real Estate,Kristina Umanskaya,unitecircle.uae@gmail.com,
bk:urbansunriserealty,Urban Sunrise Realty,Rishi Kriplani,,
bk:castleandkeyrealestate,Castle and Key Real Estate,Mr. Surya Pavan Kumar Avva,,
bk:keltcoproperties,Kelt& Co Properties,Sereen Fazal Mubeen Khan,,
bk:housessrealestate,Housess Real Estate,Tarik Alkhamis,,
bk:pleasantrealestate,Pleasant Real Estate,Supriya Amal Das Amalkumar Ashwanikumar Das,supnya@pleasantpropertiesdubai.com,5228455890
bk:justbuyrealestatellc,Just Buy Real Estate LLC,Vladislav Galkin,,
bk:elyseevendomerealestate,Elysee Vendome Real Estate,Maxence Loose,,
bk:nationwidemiddleeastproperties,Nationwide Middle East Properties,Nancy Younes,,
bk:vibgyorrealestate,Vibgyor Real Estate,Arnd Hannecke,porto.mgrace@gmail.com,5584963350
bk:metropolitanpremiumpropertiesllc,Metropolitan Premium Properties LLC,Olena Bytsyna,,
bk:landfrealestate,L and F Real Estate,Titilola Mofoluwasho Olale,info@landfrealestate.com,5657799630
bk:madelyrealestatebrokeragellc,Madely Real Estate Brokerage LLC,Thibaut Guillaume Deneyes,thibaut@madelyproperties.com,5828872630
bk:pearlshinerealestate,Pearl Shine Real Estate,Ihsan Ullah Daud,pearlshine231@gmail.com,5050852310
bk:famerealestatebrokeragellc,Fame Real Estate Brokerage LLC,Tatiana schevchenko,,
bk:evarealestate,EVA Real Estate,Eduard Suvarian,eduard@evadxb.com,52105977540
bk:justprimerealestatebrokers,Just Prime Real Estate Brokers,Elvira Polovneva,,
bk:neginskiybureaurealestatellc,Neginskiy Bureau Real Estate LLC,Andrey Neginskiy,buroneginskiy@gmail.com,5559486920
bk:aeontrislrealestate,Aeon&Trisl Real Estate,Barber Shah,,5431312270
bk:castelandkeyrealestatellc,Castel and Key Real Estate LLC,Surya Pavan Kumar Avva,,505859880130
bk:foryourealestate,For You Real Estate,Artem Dolgachev,realorlovsky@gmail.com,5858392130
bk:bonneapartrealestate,Bonne Apart Real Estate,Vesela Halacheva,vesela@bonne-apart.ae,5640611160
bk:nestwoodrealtyrealestate,Nestwood Realty Real Estate,Vinay Patel,vinay@nestwoodrealty.com,5884707850
bk:tyronashrealestate,Tyron Ash Real Estate,Ryan Booth,,
bk:myhomeclickrealestate,My Home Click Real Estate,Olga,,5090324420
bk:hestiahomesrealestate,Hestia Homes Real Estate,Vagan Pirumian,,
bk:asndreamproperties,ASN Dream Properties,Naim Mrhana,,
bk:directproperties,Direct Properties,Frosina Gorgievska,,
bk:elstaterealestatebrokerllc,Elstate Real Estate Broker LLC,Elvin Gurbanov,,
bk:skymansionrealestatellc,Sky Mansion Real Estate LLC,Masoud Shirvan Behroozi,,
bk:primocapitalrealestate,Primo Capital Real Estate,Natalia Logunova,natalia@primocapital.ae,5499300980
bk:rasequityrealestate,Ras Equity Real Estate,Rahul Shriram shah shriram sitaram shah,rahul@ras-equaity.ae,5859300130
bk:samiehproperties,Samieh Properties,Samieh Firoozi,,5276311110
bk:highgardenrealestate,High Garden Real Estate,Ahmed agabawi,ahmed@highgarden.ae,5521586020
bk:empirecityrealestate,Empire City Real Estate,Andrei Alekseev,,
bk:lepaxrealestatellc,LEPAX Real Estate LLC,Dmitrii Iankovskii,sales@le-pax.com,5449258170
bk:coninentalclubpropertyllc,Coninental Club Property LLC,Antrei zorin,,5055276990
bk:kalkarrealestate,Kalkar Real Estate,,,
bk:nesfindersrealestatebrokersllc,Nes Finders Real Estate Brokers LLC,Salma Madfouni,salma@nestfinder.ae,5559834650
bk:sevenlandsrealestate,Seven Lands Real Estate,Kamilla Bekaldieva,,
bk:nextfootsteprealestatellc,Next Footstep Real Estate LLC,Abishek ashok naik,info@nextfootstep.in,5850223150
bk:iseekproperietsllc,Iseek Properiets LLC,MD Rashid Hossain,,
bk:disalvorealty,Di Salvo Realty,Estefania villar,estefania@disalvorealty.com,581214300
bk:indusrealestate,Indus Real Estate,Narayan Nihalani,,
bk:laconinternationalrealestate,Lacon International Real Estate,Gary lacon,,
bk:nestfindersrealestatebrokersllc,Nest Finders Real Estate Brokers LLC,salma Madfouni,salma@nestfinders.ae,5959834650
bk:richmondpropertiesllc,Richmond Properties LLC,Zana nawzad,info@richmondproperties.ae,5024259950
bk:sunlitrealestate,Sunlit Real Estate,Alina borovikov,admin@sunlite.com,5039315470
bk:texrealestatellc,Tex Real Estate LLC,seyed mohammed,,
bk:bilerprofessionalrealestate,Biler Professional Real Estate,ekaterina rovvein,,
bk:rtirealestatellc,RTI Real Estate LLC,Nataliya / maryam,nataliya.maslak@rtirealestate.ae,058512182
bk:unionsqurehouserealestate,Union Squre House Real Estate,Arserii veprev,,
bk:fabrielite,Fabrielite,fabrizia franceschetti,fabrizia@fabrielite.com,5552275490
bk:bricksfieldrealestatebrokarge,Bricksfield Real Estate Brokarge,Imran latif,,
bk:tashinternationalrealtybrokerr,T Ash International Realty Brokerr,Tyron ashraf,,
bk:hivenetwerkrealestate,Hive Netwerk Real Estate,mariane nunes,,
bk:magicflashestatebrokerllc,Magic Flash Estate Broker LLC,maria fedotova,maria@roofsnroots.com,5051922480
bk:terracapitalrealestate,Terra Capital Real Estate,Ksenia Boguslavskay,admin@terracapital.ae,5865277900
bk:artegorealestate,Artego Real Estate,Artem chernov,,5857631030
bk:pgs,PGS,,,
