buyer_key,name,email,mobile
em:rafiqi4050gmailcom,Bilal Gulamali,rafiqi4050@gmail.com,43
em:anakaurvonygmailcom,Yvonne Anakaur Musany,anakaurvony@gmail.com,971
em:dvbeleggingsmaatschappijgmailcom,MACHIEL DE VRIES,dvbeleggingsmaatschappij@gmail.com,+31642082999
em:gabriellamagalhaes95icloudcom,MARILIA GABRIELLA MAGALHAES DE LIMA,gabriellamagalhaes95@icloud.com,+971582474950
em:lbarrowafdborg,LAMIN GORGUI BARROW,L.barrow@afdb.org,+971582092962
em:azedinetlemcanigmailcom,AZEDINE TLECANI,azedine.tlemcani@gmail.com,+33632535758
em:morden113322gmailcom,NUER MAIERDAN & Xiaohui Zhou,morden113322@gmail.com,+971585566886
em:potcalyandexru,DENIS POTCOLINA,potcal@yandex.ru,+79858423989
em:helkhayyatcom,HAITHAM AHMED KHAYYAT,H@el-khayyat.com,+966504671888
em:kevinpiouslingmailcom,KEVIN SAMUEL PIOUSLIN VETHHAKKAN / LEVIN GAISSER PIOUSLIN VETHAKKAN,kevinpiouslin@gmail.com,+447402081381
em:robindhawan06gmailcom,Robin Dahwan,Robindhawan06@gmail.com,+919717711133
em:artawwwwgmailcom,ARTA MIRHOSSEINI,artawwww@gmail.com,+17253080005
em:investmentsknjgmailcom,Nicholas Kenneth Walker,investmentsknj@gmail.com,+447737749566
em:xs8833xsgmailcom,RANA FAWAZ ASSAF ARABI,xs.8833.xs@gmail.com,+971527898833
em:yakovshi5gmailcom,"YAKOV SHIMONOV , Ella Shimonov",yakovshi5@gmail.com,+972506705067
em:89279200040mailru,RUSTEM ENIKEEV,89279200040@mail.ru,+79279200040
em:haqsonseimae,FAHAD SANA UL HAQ \EMAD SANA UL HAQ\SAAD SANA UL HAQ,haqsons@eim.ae,+971551064857
em:mustafadaglioglu01gmailcom,Mustafa Daglioglu,mustafadaglioglu01@gmail.com,+905309359368
em:xjn45163com,JIANAN XIAO,xjn45@163.com,+8615271907080
em:armandsarkiziansgmailcom,"FAZILA GAUHAR , ARMAND SARKIZIANS",armand.sarkizians@gmail.com,+971509628494
em:omidpapaenjde,HASSAN ENJ,omid@papaenj.de,+491712355424
em:affehanna2000hotmailcom,AFRAM IYAD ANTON HANNA,Affe_hanna2000@hotmail.com,`+46722528231
em:aliraad1995agmailcom,ALI RAAD HASHIM ALAZERJI,aliraad1995a@gmail.com,+9647710273729
em:herseven1gmailcom,HALIL ERSEVEN,herseven1@gmail.com,+905334359941
em:praduszewska1yahoocom,PATRYCJA RADUSZEWSKA,Praduszewska1@yahoo.com,+447359410184
em:juxiangxiaojiegmailcom,MENGWEI JI,juxiangxiaojie@gmail.com,+971545931886
em:larwinstevegmailcom,Kishore Iyadurai,LARWINSTEVE@GMAIL.COM,85260855155
em:johnnyhannalivecom,JOHNNY HANNA,Johnny.hanna@live.com,+971564612386
em:tahalaissaouigmailcom,AHMED TAHA LAISSAOUI,taha.laissaoui@gmail.com,+358409051221
em:malazmjzoobhotmailcom,MALAZ ABDULROUF MAJZOUB MOHAMMED ALI,malazmjzoob@hotmail.com,+966509904236
em:ianwatsonaccountsruscom,Ian Richard Watson / Gurmuke John Singh,ian.watson@accountsrus.com,+447748948502
em:mbj2080gmailcom,MOHAMMED JASSIM MOHAMMED AL FATLAWI,mbj2080@gmail.com,+971502261059
em:yaustadgmailcom,YOUSUFI ASGARALI USTAD / MAHEJABEEN YOUSUFI USTAD,yaustad@gmail.com,+971504819047
em:jyotismangmailcom,JYOTISMAN DASGUPTA,jyotisman@gmail.com,+971559855052
em:drshadi48gmailcom,SHADI DIAB / MUSTAFA ABU RUMI,drshadi48@gmail.com,+972528732048
em:naseemacgmailcom,Chitalwala Naseema Hakimuddin / RAJAB ALI MUKADAM / HASAN ABUZER TATA WALA / MOHAMMAD LOKHANDWALA,naseemac@gmail.com,+971551567811
em:nalomhotmailcom,NAHIBUR ALOM,n-alom@hotmail.com,+447983767406
em:azizozanozturkgmailcom,AZIZ OZAN OZTURK,azizozanozturk@gmail.com,+905309443777
em:rayyeelgmailcom,ABDULLA RASHED ALRAYYEL ALHEBSI,rayyeel@gmail.com,+971505533744
em:svetlanamlistru,SVETLANA MITROFANOVA,svetlana_m@list.ru,+76951377723
em:mileymon93gmailcom,MON MYAT THU,miley.mon93@gmail.com,+971521911528
em:mattnotenaolcom,MATHEW WILLIAM DANIEL,Mattnoten@aol.com,+447758514946
em:stevenmclean91gmailcom,STEVEN EDWARD O'DONBELL MCLEAN,Stevenmclean91@gmail.com,+447854347067
em:anyaegbumgmailcom,MOSES EMMANUEL OLUCHI ANYAEGBU,anyaegbum@gmail.com,+13024800040
em:nader1989hotmailcom,HASAN ABDULLA HASAN ALDOOBI ALSHEHHI,nader1989@hotmail.com,+971506276201
em:jarmstrongjamesltdcouk,JAMES FRANCIS ARMSTRONG / ALICE MARGARET ARMSTRONG,j.armstrong@james-ltd.co.uk,+447551060702
em:marijanabodvanskigmailcom,MARIJANA BODVANSKI,marijana.bodvanski@gmail.com,+38169116002
em:raminkhezrianyahoocom,RAMIN KHEZRIAN,Raminkhezrian@yahoo.com,+989121041710
em:kimnaullsicloudcom,KIM SANDRA NAULLS / Andrew Bines,Kim.naulls@icloud.com,+447908841304
em:frankvanbaalmaccom,FRANCISCUS ANTONIUS JACOBUS MARIA VAN BAAL,frankvanbaal@mac.com,+66819192300
em:jada1979hotmailcouk,STEVEN SPYROS HAVVAS,jada1979@hotmail.co.uk,+7860359111
em:veyisdincergmailcom,VEYIS DINCER,veyisdincer@gmail.com,+90556627047
em:charliecsgmpcom,CHARLIE SAM HARRY GREEN / CHARLIE TOMILLERO,charlie@csgmp.com,+447312255134
em:jordany96hotmailcouk,JORDAN ARKLIE YOUNG,Jordany96@hotmail.co.uk,+447716812457
em:rgeuracificcom,RAPHAEL PHILLIPE DOMINIQUE FRANCOIS EMILLE GOUE,rg@euracific.com,+33613265623
em:elvinhajiligmailcom,SEVIL GULIYEVA,Elvinhajili@gmail.com,+994502104515
em:andrewkarsinvestmentscouk,ANDREW DAVID PAYNE / KAREN PAYNE,andrew@karsinvestments.co.uk,+7970669442
em:mohamedassahraouihotmailcom,MOHAMMED ASSAHRAOUI,Mohamed.assahraoui@hotmail.com,+31640932019
em:arehmannasiroutlookcom,HAMIDA NASIR,arehmannasir@outlook.com,+923002294064
em:andyhanlontpsgroup,ANDREW HANLON,Andy.hanlon@tps.group,+557423265
em:hanbenlloydgmailcom,HANNAH ELIZABETH LLOYD/BENJAMIN CHARLES EDWARD ILOYD,Hanbenlloyd@gmail.com,+447866447276
em:jakobgjongsmagmailcom,JAKOB GEERT JONGSMA,jakobgjongsma@gmail.com,+31641486282
em:yekjanyuzalgmailcom,YEKJAN YUZAL,yekjanyuzal@gmail.com,+971502027029
em:9031418181mailru,DMITRII GORBACHEV,9031418181@mail.ru,+79031418181
em:sanjeevkatyaldxbhotmailcom,SANJEEV KATYAL,Sanjeevkatyaldxb@hotmail.com,+9715588063978
em:homedubai55gmailcom,ANDRII LEVRESHOV,home.dubai55@gmail.com,+971543180034
em:drobiiiyandexru,IGOR MININ,Drobiii@yandex.ru,+79818489020
em:2405388436qqcom,ZHAO YINGJIE,2405388436@qq.com,+9715852487812
em:silverorleadrecordsoutlookcom,Karim ZENOUD,Silverorleadrecords@outlook.com,+639282774959
em:borisovsabkru,SERGEI BORISOV,borisov-sa@bk.ru,+79154307151
em:ranaguzeldaggmailcom,RANA GUZELDAG,ranaguzeldag@gmail.com,+905327443227
em:samburvill86icloudcom,SAM MARK BURVILL,Samburvill86@icloud.com,+447831054703
em:abhinavrp14gmailcom,"Abhinav Reddy Kalakonda , Sandeep reddy Ayereddy",Abhinav.rp14@gmail.com,+917032639932
em:ryanbooth1992hotmailcom,RYAN ALAN BOOTH,ryanbooth1992@hotmail.com,+971585700448
em:melvinkroonhotmailcom,"MELVIN EVERT KROON, JELLE SCHOLTENS",Melvin.kroon@hotmail.com,+31615660978
em:tomchisholm14hotmailcom,THOMAS DYLAN LAFFERTY CHISHOLM,Tomchisholm14@hotmail.com,+447424000492
em:infomarbellahomeservicees,"Anoeschka Babita Pahladsingh , Yasmin Celine Armouchi",Info@marbellahomeservice.es,+31641760824
em:sambeaumont0googlemailcom,SAMUEL PETER BEAUMONT,Sambeaumont0@googlemail.com,+971558638328
em:anitharavaneshgmailcom,ANITHA RAVANESH,anitharavanesh@gmail.com,971585973838
em:oritbarneagmailcom,"ORIT MORGAS BARNEA , GAD MOSHE BARNEA",Orit.barnea@gmail.com,+972502202993
em:steveandgraceicloudcom,"STEVEN LEE BURELL , GRACE BURRELL",steveandgrace@icloud.com,+447304065689
em:phoenixcsl81gmailcom,SONNY GAMER & VALERIE GAMER,phoenixcsl81@gmail.com,+61401222467
em:jonathanfogertygroupcom,JONATHAN LUKE FORGERTY,jonathan@fogertygroup.com,+447710143780
em:liambartlett50gmailcom,"LIAM DAVID JOHN BARLETT , THOMAS JOE MALCOLM",Liam.bartlett50@gmail.com,+971585629570
em:davidbecuhotmailcom,"David,Michel Becu & Danielle,Nadege Ganga",David_becu@hotmail.com,+33660517016
em:artyomxgmailcom,Artem Germanovich Tolmachev,artyomx@gmail.com,+31614448800
em:osmanbirol10hotmailcom,OSMAN BIROL,Osman_birol10@hotmail.com,+41763923441
em:kned58yahoocouk,Edward Campbell Kelly,kned58@yahoo.co.uk,+447340871859-
em:flourmiereyahoofr,"Florent,Pascal,Armand Lourmiere",flourmiere@yahoo.fr,'+971551527617
em:rtp2023rtpicloudcom,Ross Tony Peters,Rtp2023rtp@icloud.com,+447473830539-07725067302
em:fadyabinakhoulhotmailcom,Fadi Abi Nakhoul/Maroun Nassar,Fadyabinakhoul@hotmail.com,+9613142221
em:connectmanikbhathejagmailcom,Manik Bhatheja / Robin Dhawan,Connect.manikbhatheja@gmail.com,+0918
em:offkarim8181gmailcom,Fady Karim,Offkarim8181@gmail.com,+971528013684
em:sahartak777gmailcom,Artak Sahakyan,sahartak777@gmail.com,+37495701755
em:brcicpetergmailcom,Peter Branko Brcic,Brcic.peter@gmail.com,5198195013
em:rinikanaofficegmailcom,Margarita Maksimenko,rinikana.office@gmail.com,+79103115078
em:ekuzemingmailcom,Evgeny Kuzemin,e.kuzemin@gmail.com,+37122308580
em:amjadsiddiqui59gmailcom,Arshi Anjum,Amjadsiddiqui59@gmail.com,+971502735850
em:yolalamourhotmailcom,Yola Aurore Lamour,yolalamour@hotmail.com,+959765999910
em:katemarburmediacom,Maria Andrea Burgess,kate@marburmedia.com,+201090580849
em:cambridgeitecgmailcom,Faizul Ahmed,Cambridgeitec@gmail.com,+447767746853
em:vipgmbhaolcom,Ivan Todorovic / Dragana Todorovic,vipgmbh@aol.com,+491704568305
em:rashmijkgmailcom,Rashmi Jamno Kalwani,Rashmijk@gmail.com,+971552929927
em:kuljit4626gmailcom,Kuljit Singh,kuljit4626@gmail.com,+971504322696
em:tommalcolmworkgmailcom,Thomas Joe Malcolm,Tommalcolmwork@gmail.com,+447455959886
em:proximavvgmailcom,Vladimir Suvorov,proximavv@gmail.com,+79255964829
em:yuliyan555yandexru,Iuliia Nikolaeva,yuliyan555@yandex.ru,+79091966661
em:zinszinsmerouanegmailcom,"Merouane,Gerard,Mohamed Zins",zins.zins.merouane@gmail.com,+33784313081
em:avigcaeu,Bee Trade DMCC,av@igca.eu,+971585422067
em:dzhabib2009yahoocom,Habibollah Mohammad Dashti Zadeh,Dzhabib2009@yahoo.com,+989123866000
em:ellenalexanderlagmailcom,Elena Bugaeva,Ellen.Alexander.la@gmail.com,18188075352
em:kaiwangmailcom,Dinshaw Cyrus Vania,Kaiwan@gmail.com,+971501961794
em:mohfaniyahoocom,Mohammad Naser Fani,Moh.fani@yahoo.com,+971559561980
em:mkelbarbarygmailcom,Granville Trading DWL-LLC,mk.elbarbary@gmail.com,+971564924343
em:vikshuksvgmailcom,Viktor Shukshin,vikshuksv@gmail.com,+79852048090
em:daniilkaddeu,Daniil Myadelets,daniil@kadd.eu,+37255513551
em:dayantosyandexru,Anvar Daianov,dayantos@yandex.ru,+79646246093
em:yutalov03gmailcom,Aleksandr Iutalov,yutalov03@gmail.com,+79293399095
em:alpatovvv88yandexru,Valentin Alpatov,alpatovvv88@yandex.ru,+79232732544
em:ammartinegmailcom,Ammar Jamal,ammartine@gmail.com,+92
em:iagniukovgmailcom,Maksim Iagniukov,iagniukov@gmail.com,+79262450503
em:charliegoldsmithpencroftventurescouk,Charles William George Goldsmith,Charliegoldsmith@pencroftventures.co.uk,+447766312659
em:ikomatigmailcom,Imad Komati,ikomati@gmail.com,0568383983
em:annaudmmailru,Anna Tikhomirova,anna_udm@mail.ru,+79104011901
em:amintawk777gmailcom,Amine Tawk/Charbel Tawk,Amintawk777@gmail.com,+96170365639
em:drshekharmehtagmailcom,Shekhar Mehta,drshekharmehta@gmail.com,+971509734863
em:rygmickgmailcom,Mick Sanders,Rygmick@gmail.com,+971585773518
em:qayyumenterpriseshotmailcom,Mohammed Hamed Qayyum,Qayyum_Enterprises@hotmail.com,+44788300413
em:jevsejevmgmailcom,Maksim Jevsejev,Jevsejev.m@gmail.com,+3725128960
em:goharktpgcomau,Paul Kassabian,gohark@tpg.com.au,+37441230199
em:2881707mailru,Andrei Sadovnikov,2881707@mail.ru,+79029798096
em:martinetsebastienyahoocomar,"Sebastien,Patrick,Henri Martinet",martinet_sebastien@yahoo.com.ar,+5493515720212
em:amratkumardrgmailcom,Amrat Kumar Maheshwari & Sulakshana Maheshwari,amratkumardr@gmail.com,'+971545407075
em:fadikomatigmailcom,Fadi Elkomati,fadikomati@gmail.com,+0544452570
em:juliaballetschoolgmailcom,Juliya Valasevich & Denis Valasevich,juliaballetschool@gmail.com,'+16476465215
em:osmangoniseaegmailcom,Osman Goni ; JP: Firoz Shams,osmangoni.se.ae@gmail.com,+971505092771
em:yousufimrannetscapenet,Imran Yousuf Muhammad Yousuf,Yousufimran@netscape.net,+971557030125
em:antonb7474gmailcom,Irina Belousova,antonb7474@gmail.com,+971567508515
em:chhetrivajivyahoocom,Rajiv Amar Chhetri,chhetrivajiv@yahoo.com,+971503101963
em:bojangjorgjievoutlookcom,Bojan Gjorgjiev & Blagoj Gjorgjiev,bojangjorgjiev@outlook.com,+38971244108
em:hobeikajosephhotmailcom,Joseph Hobeika,Hobeikajoseph@hotmail.com,+971552213766
em:7603015gmailcom,Sergei Mikhailenko,7603015@gmail.com,+9716230015
em:romanziebahotmailcom,Roman Zieba,romanzieba@hotmail.com,+491623414035
em:jeanlouisgibon02gmailcom,Jean Louis Gibon & Carolina Gibo,jeanlouisgibon02@gmail.com,+791558869731
em:aademi76gmailcom,Avni Ademi & Ardit Ademi,Aademi76@gmail.com,+386313888374
em:izehiokhonyahoocom,Izehiokhon Andrew Akpengbe & Uhunamure Ogheneochuko Akpengbe,izehiokhon@yahoo.com,+971569835465
em:prasmrgmailcom,Prasanna Rangaswamy Mysore,prasmr@gmail.com,+1
em:zehra96hotmailno,Zehra Sherifi,zehra96@hotmail.no,+4793077099
em:luizbarcikhotmailcom,Luiz Guilherme,Luiz_barcik@hotmail.com,+5527999757399
em:edwardformanlewgmailcom,Edward Forman Lewknowicz,edwardformanlew@gmail.com,+971502654118
em:alexey32144gmailcom,Aliaksei Zhaliazouski,alexey32144@gmail.com,+971502980114
em:aramage,Alina Rase,ar@ama.ge,+971508681856
em:westy2012aolcom,Timothy Robert West & Sheena Ann Mcclelland,Westy2012@aol.com,+447834083188
em:dzhorovmailru,Dmitry Zhorov,dzhorov@mail.ru,+79219322202
em:neklarnakahotmailcom,Nicolas Paphitis,nek.larnaka@hotmail.com,+35799272511
em:ashkianimaryamgmailcom,Maryam Ashkiani,ashkianimaryam@gmail.com,+19496566025
em:goldesthetic98gmailcom,Maciej Pawel,Goldesthetic98@gmail.com,+971585046012
em:omeraliomer727gmailcom,Omer Ali Taher Adam,omeraliomer727@gmail.com,971588792483
em:ferassayedgmailcom,Sayed Feras,ferassayed@gmail.com,971566665959
em:sohailkeramatigmailcom,Abdolrazzagh Keramati,sohailkeramati@gmail.com,971559494798
em:abdelazimisam16gmailcom,ALKHAIR ABDELAZEM,Abdelazim.isam16@gmail.com,249127057579
em:aqadir1981gmailcom,ABDUL QADIR MUHAMMAD SALEEM,aqadir1981@gmail.com,971555644786
nm:tahminabegum,Tahmina Begum,,
em:muhammedmuhsen93gmailcom,Mohamed Mohsen Korani Mohamed Mahmoud,muhammedmuhsen93@gmail.com,966553140844
em:ahlammo76yahoocom,Ahlam Solaiman Mohammadi,Ahlam.mo76@yahoo.com,971507346644
em:nazi4046gmailcom,Shahnaz Mohammadyousef Abdoullahi,nazi.4046@gmail.com,971505947995
em:noorimehdiartgmailcom,Mahdi Noori,noorimehdiart@gmail.com,971504042357
em:lubimkhasgmailcom,Nosheen Imran,lubimkhas@gmail.com,971567939245
em:mayasin311gmailcom,Mohammad Abedalaziz Hasan Yaseen,ma.yasin.311@gmail.com,971558999511
em:bakheetomergmailcom,Omer Mighani Bakhit Mohamed,bakheet.omer@gmail.com,971555736227
em:abidhocaneoutlookcom,ABID HUSSAIN ARSHAD ALI,abidhocane@outlook.com,971562778527
em:dvobornikgmailcom,David Vobornik,dvobornik@gmail.com,420774458697
em:amleshkumar9585gmailcom,AMLESH KUMAR RAMESHWAR YADAV,amleshkumar9585@gmail.com,971521541934
em:mehikhanyahoocom,Husnain Iqbal Khan,mehikhan@yahoo.com,971552511670
em:mohammadnasirhidarygmailcom,Mohammad Nasir Haidary,mohammadnasirhidary@gmail.com,353894558889
em:mirracekgmailcom,Miroslav Racek,Mir.racek@gmail.com,420604241039
nm:muhammadsaadnomani,Muhammad Saad Nomani,,923218909999
nm:farzanahhossen,Farzanah Hossen,,AJ
em:vasekkulichgmailcom,Václav Kulich & Jana Vorudova,vasek.kulich@gmail.com;,420724366621
em:infopavelmelekcz,Pavel Melek,info@pavelmelek.cz,420777874266
em:lkoubekgmailcom,Ladislav Koubek,l.koubek@gmail.com,420777668473
em:trzickyjakubgmailcom,Aneta Trzicka,trzickyjakub@gmail.com,420604823110
em:radekjagrjesenickastavebnicz,Radek Jagr,radek.jagr@jesenickastavebni.cz,420603279644
em:jirkakrejci90gmailcom,Jiri Krejci,jirka.krejci90@gmail.com,420728978793
em:krotil96seznamcz,Vojtech Krotil,krotil96@seznam.cz,420728803838
em:infovipklimacz,Plamen Petrov,info@vip-klima.cz,420777778357
em:ijanickovaseznamcz,Iva Janickova,i.janickova@seznam.cz,420605720890
em:miroslavmerinskygmailcom,Miroslav Merinsky,miroslav.merinsky@gmail.com,971588691297
em:jitkaziebagmailcom,Jitka Zieba,jitka.zieba@gmail.com,4915223392696
em:docusman87gmailcom,Muhammad Usman,docusman87@gmail.com,17348900342
em:salwanalkutigmxde,Nashwan Darwish Taalo Taalo,salwan.alkuti@gmx.de,491796780176
em:horapetrseznamcz,Petr Hora,horapetr@seznam.cz,420731412308
em:elaminranayahoocom,Rana Elmoaz Yousif Elamin,elamin.rana@yahoo.com,14372149677
em:gvilloldo2012gmailcom,Gustavo Martin Villoldo,gvilloldo2012@gmail.com,5491156164207
nm:muhammadimran,Muhammad Imran,,
em:cremonriccardoyahoocom,RICCARDO CREMON,cremonriccardo@yahoo.com,971524725411
em:jnuaimiyahoocom,JABOR MOHAMED A J AL NUAIMI,j.nuaimi@yahoo.com,97455852277
em:rajmalhot81gmailcom,Usha Rajiv Malhotra,rajmalhot81@gmail.com,971504879371
em:juliavoropayevamailru,Vitali Leudanski,julia_voropayeva@mail.ru,375297075547
em:nouradinehamzagmailcom,Hamza Nouradine,nouradinehamza@gmail.com,33603752546
em:romanholod94gmailcom,Roman Holod,romanholod94@gmail.com,385998603319
em:khadijahrahimi32gmailcom,Khadija Rahimi,khadijahrahimi32@gmail.com,4917670102132
em:sameerajavedyahoocom,Sameera Javed (NSN),sameera.javed@yahoo.com,16473369922
