contract_key,project_code,unit_number,unit_key,buyer_key,buyer_name,sale_price,contract_date,booking_amount,state,source
golf_302,GOLF,302,302,em:rafiqi4050gmailcom,Bilal Gulamali,1348069.1,2026-09-26,,signed,master+wb2
golf_r01,GOLF,R01,R01,em:anakaurvonygmailcom,Yvonne Anakaur Musany,4500000.0,2026-09-07,,signed,master+wb2
br2_101,BR2,101,101,em:dvbeleggingsmaatschappijgmailcom,MACHIEL DE VRIES,2209581.1,2024-10-04,220958.11,signed,master+wb2
br2_102,BR2,102,102,em:gabriellamagalhaes95icloudcom,MARILIA GABRIELLA MAGALHAES DE LIMA,1068670.561,2024-10-03,106867.0561,signed,master+wb2
br2_103,BR2,103,103,em:lbarrowafdborg,LAMIN GORGUI BARROW,1669440.525,2024-10-03,166944.0525,signed,master+wb2
br2_104,BR2,104,104,em:azedinetlemcanigmailcom,AZEDINE TLECANI,1024867.09,2025-03-24,,signed,master+wb2
br2_105,BR2,105,105,em:morden113322gmailcom,NUER MAIERDAN & Xiaohui Zhou,1032308.493,2024-10-01,103230.8493,signed,master+wb2
br2_106,BR2,106,106,em:potcalyandexru,DENIS POTCOLINA,1565486.88,2024-10-03,156548.688,signed,master+wb2
br2_107,BR2,107,107,em:helkhayyatcom,HAITHAM AHMED KHAYYAT,1065901.656,2024-10-02,106590.1656,signed,master+wb2
br2_108,BR2,108,108,em:kevinpiouslingmailcom,KEVIN SAMUEL PIOUSLIN VETHHAKKAN / LEVIN GAISSER PIOUSLIN VETHAKKAN,1068949.992,2024-10-02,106894.9992,signed,master+wb2
br2_109,BR2,109,109,em:robindhawan06gmailcom,Robin Dahwan,2063400.88,,206340.088,signed,master+wb2
br2_201,BR2,201,201,em:artawwwwgmailcom,ARTA MIRHOSSEINI,2228129.453,2025-01-09,222812.9453,signed,master+wb2
br2_202,BR2,202,202,em:investmentsknjgmailcom,Nicholas Kenneth Walker,1076395.991,2024-10-03,107639.5991,signed,master+wb2
br2_203,BR2,203,203,em:xs8833xsgmailcom,RANA FAWAZ ASSAF ARABI,1049857.463,2024-10-14,104985.7463,signed,master+wb2
br2_204,BR2,204,204,em:yakovshi5gmailcom,"YAKOV SHIMONOV , Ella Shimonov",1057707.583,2024-10-02,105770.7583,signed,master+wb2
br2_205,BR2,205,205,em:89279200040mailru,RUSTEM ENIKEEV,1049069.006,,104906.9006,signed,master+wb2
br2_206,BR2,206,206,em:haqsonseimae,FAHAD SANA UL HAQ \EMAD SANA UL HAQ\SAAD SANA UL HAQ,2682864.625,2025-01-11,268286.4625,signed,master+wb2
br2_207,BR2,207,207,em:mustafadaglioglu01gmailcom,Mustafa Daglioglu,2336399.86,2025-04-14,233639.986,signed,master+wb2
br2_208,BR2,208,208,em:xjn45163com,JIANAN XIAO,1056596.209,2024-10-01,105659.6209,signed,master+wb2
br2_209,BR2,209,209,em:armandsarkiziansgmailcom,"FAZILA GAUHAR , ARMAND SARKIZIANS",1571136.529,2024-10-03,157113.6529,signed,master+wb2
br2_210,BR2,210,210,em:omidpapaenjde,HASSAN ENJ,1073654.854,2024-10-03,107365.4854,signed,master+wb2
br2_211,BR2,211,211,em:affehanna2000hotmailcom,AFRAM IYAD ANTON HANNA,2108798.589,2025-01-07,210879.8589,signed,master+wb2
br2_301,BR2,301,301,em:aliraad1995agmailcom,ALI RAAD HASHIM ALAZERJI,2220874.577,2025-01-20,222087.4577,signed,master+wb2
br2_302,BR2,302,302,em:herseven1gmailcom,HALIL ERSEVEN,1086655.505,2024-10-15,108665.5505,signed,master+wb2
br2_303,BR2,303,303,em:praduszewska1yahoocom,PATRYCJA RADUSZEWSKA,1705180.581,2024-10-01,170518.0581,signed,master+wb2
br2_304,BR2,304,304,em:juxiangxiaojiegmailcom,MENGWEI JI,1057169.925,,105716.9925,signed,master+wb2
br2_305,BR2,305,305,em:larwinstevegmailcom,Kishore Iyadurai,2648141.917,2026-01-15,264814.1917,signed,master+wb2
br2_306,BR2,306,306,em:johnnyhannalivecom,JOHNNY HANNA,1089703.629,2024-10-03,108970.3629,signed,master+wb2
br2_307,BR2,307,307,em:tahalaissaouigmailcom,AHMED TAHA LAISSAOUI,1113253.558,2024-10-01,111325.3558,signed,master+wb2
br2_308,BR2,308,308,em:malazmjzoobhotmailcom,MALAZ ABDULROUF MAJZOUB MOHAMMED ALI,1085684.6,2024-10-02,108568.46,signed,master+wb2
br2_309,BR2,309,309,em:ianwatsonaccountsruscom,Ian Richard Watson / Gurmuke John Singh,2714486.196,2025-10-14,271448.6196,signed,master+wb2
br2_310,BR2,310,310,em:mbj2080gmailcom,MOHAMMED JASSIM MOHAMMED AL FATLAWI,1048437.165,2024-10-02,104843.7165,signed,master+wb2
br2_311,BR2,311,311,em:yaustadgmailcom,YOUSUFI ASGARALI USTAD / MAHEJABEEN YOUSUFI USTAD,1646674.853,,164667.4853,signed,master+wb2
br2_312,BR2,312,312,em:jyotismangmailcom,JYOTISMAN DASGUPTA,1083839.666,2024-09-30,108383.9666,signed,master+wb2
br2_313,BR2,313,313,em:drshadi48gmailcom,SHADI DIAB / MUSTAFA ABU RUMI,1112672.307,,111267.2307,signed,master+wb2
br2_314,BR2,314,314,em:naseemacgmailcom,Chitalwala Naseema Hakimuddin / RAJAB ALI MUKADAM / HASAN ABUZER TATA WALA / MOHAMMAD LOKHANDWALA,1977879.085,2024-10-02,197787.9085,signed,master+wb2
br2_401,BR2,401,401,em:nalomhotmailcom,NAHIBUR ALOM,2327713.923,2024-11-14,232771.3923,signed,master+wb2
br2_402,BR2,402,402,em:azizozanozturkgmailcom,AZIZ OZAN OZTURK,1094486.68,2024-10-02,109448.668,signed,master+wb2
br2_403,BR2,403,403,em:rayyeelgmailcom,ABDULLA RASHED ALRAYYEL ALHEBSI,1066325.815,2024-10-12,106632.5815,signed,master+wb2
br2_404,BR2,404,404,em:svetlanamlistru,SVETLANA MITROFANOVA,1074159.681,2024-09-30,107415.9681,signed,master+wb2
br2_405,BR2,405,405,em:mileymon93gmailcom,MON MYAT THU,1065270.844,2024-09-30,106527.0844,signed,master+wb2
br2_406,BR2,406,406,em:mileymon93gmailcom,MON MYAT THU,2385818.049,2024-09-30,238581.8049,signed,master+wb2
br2_407,BR2,407,407,em:mattnotenaolcom,MATHEW WILLIAM DANIEL,1098366.639,2024-10-01,109836.6639,signed,master+wb2
br2_408,BR2,408,408,em:stevenmclean91gmailcom,STEVEN EDWARD O'DONBELL MCLEAN,1120574.309,2024-10-01,112057.4309,signed,master+wb2
br2_409,BR2,409,409,em:anyaegbumgmailcom,MOSES EMMANUEL OLUCHI ANYAEGBU,2790850.543,2024-10-14,279085.0543,signed,master+wb2
br2_410,BR2,410,410,em:nader1989hotmailcom,HASAN ABDULLA HASAN ALDOOBI ALSHEHHI,1056596.209,2024-10-07,105659.6209,signed,master+wb2
br2_411,BR2,411,411,em:jarmstrongjamesltdcouk,JAMES FRANCIS ARMSTRONG / ALICE MARGARET ARMSTRONG,1601666.638,2024-10-01,160166.6638,signed,master+wb2
br2_412,BR2,412,412,em:marijanabodvanskigmailcom,MARIJANA BODVANSKI,1091569.0,2024-10-02,109156.9,signed,master+wb2
br2_413,BR2,413,413,em:raminkhezrianyahoocom,RAMIN KHEZRIAN,1137766.857,,113776.6857,signed,master+wb2
br2_414,BR2,414,414,em:kimnaullsicloudcom,KIM SANDRA NAULLS / Andrew Bines,2229692.157,2024-10-01,222969.2157,signed,master+wb2
br2_501,BR2,501,501,em:frankvanbaalmaccom,FRANCISCUS ANTONIUS JACOBUS MARIA VAN BAAL,2341875.461,2024-09-30,234187.5461,signed,master+wb2
br2_502,BR2,502,502,em:herseven1gmailcom,HALIL ERSEVEN,1103532.025,2024-10-15,110353.2025,signed,master+wb2
br2_503,BR2,503,503,em:mileymon93gmailcom,MON MYAT THU,1106970.879,2024-09-30,110697.0879,signed,master+wb2
br2_504,BR2,504,504,em:jada1979hotmailcouk,STEVEN SPYROS HAVVAS,1049411.837,2024-10-01,104941.1837,signed,master+wb2
br2_505,BR2,505,505,em:yakovshi5gmailcom,YAKOV SHIMONOV / ELLA SHIMONOV,1073371.763,2024-10-03,107337.1763,signed,master+wb2
br2_506,BR2,506,506,em:veyisdincergmailcom,VEYIS DINCER,2705826.479,2024-10-03,270582.6479,signed,master+wb2
br2_507,BR2,507,507,em:charliecsgmpcom,CHARLIE SAM HARRY GREEN / CHARLIE TOMILLERO,1106947.629,,110694.7629,signed,master+wb2
br2_508,BR2,508,508,em:jordany96hotmailcouk,JORDAN ARKLIE YOUNG,1116995.201,2024-10-01,111699.5201,signed,master+wb2
br2_509,BR2,509,509,em:rgeuracificcom,RAPHAEL PHILLIPE DOMINIQUE FRANCOIS EMILLE GOUE,2396879.044,2024-09-30,239687.9044,signed,master+wb2
br2_510,BR2,510,510,em:elvinhajiligmailcom,SEVIL GULIYEVA,1081073.341,,108107.3341,signed,master+wb2
br2_511,BR2,511,511,em:andrewkarsinvestmentscouk,ANDREW DAVID PAYNE / KAREN PAYNE,1679444.502,2024-10-01,167944.4502,signed,master+wb2
br2_512,BR2,512,512,em:mohamedassahraouihotmailcom,MOHAMMED ASSAHRAOUI,1101903.66,2024-10-02,110190.366,signed,master+wb2
br2_513,BR2,513,513,em:mohamedassahraouihotmailcom,MOHAMMED ASSAHRAOUI,1105449.293,2024-10-02,110544.9293,signed,master+wb2
br2_514,BR2,514,514,em:arehmannasiroutlookcom,HAMIDA NASIR,1971308.04,2024-09-30,197130.804,signed,master+wb2
br2_515,BR2,515,515,em:andyhanlontpsgroup,ANDREW HANLON,2142300.184,2024-10-01,214230.0184,signed,master+wb2
br2_601,BR2,601,601,em:hanbenlloydgmailcom,HANNAH ELIZABETH LLOYD/BENJAMIN CHARLES EDWARD ILOYD,2346150.348,2024-10-03,234615.0348,signed,master+wb2
br2_602,BR2,602,602,em:jakobgjongsmagmailcom,JAKOB GEERT JONGSMA,1113821.893,2024-10-03,111382.1893,signed,master+wb2
br2_603,BR2,603,603,em:yekjanyuzalgmailcom,YEKJAN YUZAL,1115304.729,2024-10-03,111530.4729,signed,master+wb2
br2_604,BR2,604,604,em:9031418181mailru,DMITRII GORBACHEV,1090890.566,2024-10-03,109089.0566,signed,master+wb2
br2_605,BR2,605,605,em:sanjeevkatyaldxbhotmailcom,SANJEEV KATYAL,1081472.682,2024-10-02,108147.2682,signed,master+wb2
br2_606,BR2,606,606,em:homedubai55gmailcom,ANDRII LEVRESHOV,2402792.004,,240279.2004,signed,master+wb2
br2_607,BR2,607,607,em:drobiiiyandexru,IGOR MININ,1138514.411,2024-10-02,113851.4411,signed,master+wb2
br2_608,BR2,608,608,em:2405388436qqcom,ZHAO YINGJIE,1111330.693,2024-10-02,111133.0693,signed,master+wb2
br2_609,BR2,609,609,em:silverorleadrecordsoutlookcom,Karim ZENOUD,2438472.085,2024-10-31,243847.2085,signed,master+wb2
br2_610,BR2,610,610,em:borisovsabkru,SERGEI BORISOV,1072914.297,2024-09-30,107291.4297,signed,master+wb2
br2_611,BR2,611,611,em:ranaguzeldaggmailcom,RANA GUZELDAG,1578785.686,2024-10-03,157878.5686,signed,master+wb2
br2_612,BR2,612,612,em:samburvill86icloudcom,SAM MARK BURVILL,1109611.697,2024-10-03,110961.1697,signed,master+wb2
br2_613,BR2,613,613,em:yekjanyuzalgmailcom,YEKJAN YUZAL,2289386.867,2024-10-03,228938.6867,signed,master+wb2
br2_614,BR2,614,614,em:abhinavrp14gmailcom,"Abhinav Reddy Kalakonda , Sandeep reddy Ayereddy",1182473.037,2024-10-02,118247.3037,signed,master+wb2
br2_615,BR2,615,615,em:ryanbooth1992hotmailcom,RYAN ALAN BOOTH,1234755.072,2024-10-02,123475.5072,signed,master+wb2
br2_701,BR2,701,701,em:melvinkroonhotmailcom,"MELVIN EVERT KROON, JELLE SCHOLTENS",1100507.366,2024-10-01,110050.7366,signed,master+wb2
br2_702,BR2,702,702,em:tomchisholm14hotmailcom,THOMAS DYLAN LAFFERTY CHISHOLM,1134369.767,2026-09-01,113436.9767,signed,master+wb2
br2_703,BR2,703,703,em:infomarbellahomeservicees,"Anoeschka Babita Pahladsingh , Yasmin Celine Armouchi",1099186.311,,109918.6311,signed,master+wb2
br2_704,BR2,704,704,em:sambeaumont0googlemailcom,SAMUEL PETER BEAUMONT,1089573.601,,108957.3601,signed,master+wb2
br2_706,BR2,706,706,em:anitharavaneshgmailcom,ANITHA RAVANESH,2482931.663,2024-10-29,248293.1663,signed,master+wb2
br2_707,BR2,707,707,em:oritbarneagmailcom,"ORIT MORGAS BARNEA , GAD MOSHE BARNEA",1097391.429,2024-10-03,109739.1429,signed,master+wb2
br2_708,BR2,708,708,em:steveandgraceicloudcom,"STEVEN LEE BURELL , GRACE BURRELL",1594107.144,2024-11-15,159410.7144,signed,master+wb2
br2_710,BR2,710,710,em:phoenixcsl81gmailcom,SONNY GAMER & VALERIE GAMER,1123304.467,2024-10-02,112330.4467,signed,master+wb2
br2_711,BR2,711,711,em:rgeuracificcom,RAPHAEL PHILLIPE DOMINIQUE FRANCOIS EMILLE GOUE,2200432.835,2024-09-30,220043.2835,signed,master+wb2
br2_712,BR2,712,712,em:jonathanfogertygroupcom,JONATHAN LUKE FORGERTY,2004099.755,2026-08-20,200409.9755,signed,master+wb2
br2_713,BR2,713,713,em:liambartlett50gmailcom,"LIAM DAVID JOHN BARLETT , THOMAS JOE MALCOLM",1136812.098,,113681.2098,signed,master+wb2
br1_101,BR1,101,101,em:davidbecuhotmailcom,"David,Michel Becu & Danielle,Nadege Ganga",1290281.0,2024-06-28,129028.1,signed,master+wb2
br1_102,BR1,102,102,em:nader1989hotmailcom,AAMNA SULAIMAN ALI ALLAY ALSHEHHI,1203965.0,2024-10-09,120396.5,signed,master+wb2
br1_103,BR1,103,103,em:artyomxgmailcom,Artem Germanovich Tolmachev,917731.0,2024-07-13,91773.1,signed,master+wb2
br1_104,BR1,104,104,em:osmanbirol10hotmailcom,OSMAN BIROL,913210.0,2024-07-13,91321.0,signed,master+wb2
br1_105,BR1,105,105,em:kned58yahoocouk,Edward Campbell Kelly,907559.0,2024-07-21,90755.9,signed,master+wb2
br1_106,BR1,106,106,em:flourmiereyahoofr,"Florent,Pascal,Armand Lourmiere",923834.0,2024-06-16,92383.4,signed,master+wb2
br1_107,BR1,107,107,em:nader1989hotmailcom,Aamna Sulaiman Ali Allay Alshehhi,1196215.0,2024-10-09,119621.5,signed,master+wb2
br1_108,BR1,108,108,em:rtp2023rtpicloudcom,Ross Tony Peters,2290130.0,2024-07-23,229013.0,signed,master+wb2
br1_109,BR1,109,109,em:fadyabinakhoulhotmailcom,Fadi Abi Nakhoul/Maroun Nassar,2171081.0,2024-09-26,217108.1,signed,master+wb2
br1_201,BR1,201,201,em:connectmanikbhathejagmailcom,Manik Bhatheja / Robin Dhawan,1300281.0,2024-07-20,130028.1,signed,master+wb2
br1_202,BR1,202,202,em:offkarim8181gmailcom,Fady Karim,1213965.0,2024-09-19,121396.5,signed,master+wb2
br1_203,BR1,203,203,em:sahartak777gmailcom,Artak Sahakyan,927731.0,2024-06-21,92773.1,signed,master+wb2
br1_204,BR1,204,204,em:brcicpetergmailcom,Peter Branko Brcic,923210.0,2024-06-18,92321.0,signed,master+wb2
br1_205,BR1,205,205,em:rinikanaofficegmailcom,Margarita Maksimenko,917559.0,2024-06-13,91755.9,signed,master+wb2
br1_206,BR1,206,206,em:ekuzemingmailcom,Evgeny Kuzemin,933834.0,2024-06-13,93383.4,signed,master+wb2
br1_207,BR1,207,207,em:amjadsiddiqui59gmailcom,Arshi Anjum,1206215.0,2024-06-29,120621.5,signed,master+wb2
br1_208,BR1,208,208,em:abhinavrp14gmailcom,Abhinav Reddy Kalakonda,1835179.0,2024-07-31,183517.9,signed,master+wb2
br1_209,BR1,209,209,em:yolalamourhotmailcom,Yola Aurore Lamour,1803897.0,2024-08-08,180389.7,signed,master+wb2
br1_210,BR1,210,210,em:katemarburmediacom,Maria Andrea Burgess,995366.0,2024-07-01,99536.6,signed,master+wb2
br1_211,BR1,211,211,em:cambridgeitecgmailcom,Faizul Ahmed,1406709.0,2024-07-24,140670.9,signed,master+wb2
br1_212,BR1,212,212,em:vipgmbhaolcom,Ivan Todorovic / Dragana Todorovic,1884761.0,2024-06-21,188476.1,signed,master+wb2
br1_213,BR1,213,213,em:rashmijkgmailcom,Rashmi Jamno Kalwani,1869546.0,2024-07-13,186954.6,signed,master+wb2
br1_301,BR1,301,301,em:fadyabinakhoulhotmailcom,Fadi Abi Nakhoul,1310281.0,2024-10-10,131028.1,signed,master+wb2
br1_302,BR1,302,302,em:kuljit4626gmailcom,Kuljit Singh,1223965.0,2024-06-21,122396.5,signed,master+wb2
br1_303,BR1,303,303,em:tommalcolmworkgmailcom,Thomas Joe Malcolm,937731.0,2024-06-18,93773.1,signed,master+wb2
br1_304,BR1,304,304,em:proximavvgmailcom,Vladimir Suvorov,933210.0,2024-07-11,93321.0,signed,master+wb2
br1_305,BR1,305,305,em:yuliyan555yandexru,Iuliia Nikolaeva,927559.0,2024-06-12,92755.9,signed,master+wb2
br1_306,BR1,306,306,em:zinszinsmerouanegmailcom,"Merouane,Gerard,Mohamed Zins",943834.0,2024-06-18,94383.4,signed,master+wb2
br1_307,BR1,307,307,em:mbj2080gmailcom,Mohammed Jassim Mohammed AL Fatlawi,1216215.0,2024-07-04,121621.5,signed,master+wb2
br1_308,BR1,308,308,em:avigcaeu,Bee Trade DMCC,1845179.0,2024-07-26,184517.9,signed,master+wb2
br1_309,BR1,309,309,em:dzhabib2009yahoocom,Habibollah Mohammad Dashti Zadeh,1813897.0,2024-10-09,181389.7,signed,master+wb2
br1_310,BR1,310,310,em:ellenalexanderlagmailcom,Elena Bugaeva,1005366.0,2024-06-17,100536.6,signed,master+wb2
br1_311,BR1,311,311,em:kaiwangmailcom,Dinshaw Cyrus Vania,1416709.0,2024-07-18,141670.9,signed,master+wb2
br1_312,BR1,312,312,em:mohfaniyahoocom,Mohammad Naser Fani,1894761.0,2024-06-25,189476.1,signed,master+wb2
br1_313,BR1,313,313,em:mkelbarbarygmailcom,Granville Trading DWL-LLC,1879546.0,2024-07-12,187954.6,signed,master+wb2
br1_401,BR1,401,401,em:vikshuksvgmailcom,Viktor Shukshin,1320281.0,2024-07-01,132028.1,signed,master+wb2
br1_402,BR1,402,402,em:daniilkaddeu,Daniil Myadelets,1233965.0,2024-06-22,123396.5,signed,master+wb2
br1_403,BR1,403,403,em:dayantosyandexru,Anvar Daianov,947731.0,2024-06-18,94773.1,signed,master+wb2
br1_404,BR1,404,404,em:yutalov03gmailcom,Aleksandr Iutalov,943210.0,2024-12-06,94321.0,signed,master+wb2
br1_405,BR1,405,405,em:alpatovvv88yandexru,Valentin Alpatov,937559.0,2024-12-06,93755.9,signed,master+wb2
br1_406,BR1,406,406,em:ammartinegmailcom,Ammar Jamal,953834.0,2024-06-13,95383.4,signed,master+wb2
br1_407,BR1,407,407,em:iagniukovgmailcom,Maksim Iagniukov,1226215.0,2024-07-03,122621.5,signed,master+wb2
br1_408,BR1,408,408,em:charliegoldsmithpencroftventurescouk,Charles William George Goldsmith,1511739.0,2024-07-08,,signed,master+wb2
br1_409,BR1,409,409,em:ikomatigmailcom,Imad Komati,1805658.03,2024-07-01,180565.803,signed,master+wb2
br1_410,BR1,410,410,em:annaudmmailru,Anna Tikhomirova,1015366.0,2024-06-13,101536.6,signed,master+wb2
br1_411,BR1,411,411,em:amintawk777gmailcom,Amine Tawk/Charbel Tawk,1426709.0,2024-10-07,142670.9,signed,master+wb2
br1_412,BR1,412,412,em:drshekharmehtagmailcom,Shekhar Mehta,1904761.0,2024-06-18,190476.1,signed,master+wb2
br1_413,BR1,413,413,em:rygmickgmailcom,Mick Sanders,1889546.0,2024-08-19,188954.6,signed,master+wb2
br1_501,BR1,501,501,em:qayyumenterpriseshotmailcom,Mohammed Hamed Qayyum,1330281.0,2024-07-12,133028.1,signed,master+wb2
br1_502,BR1,502,502,em:jevsejevmgmailcom,Maksim Jevsejev,1243965.0,2024-06-21,124396.5,signed,master+wb2
br1_503,BR1,503,503,em:goharktpgcomau,Paul Kassabian,957731.0,2024-06-12,95773.1,signed,master+wb2
br1_504,BR1,504,504,em:2881707mailru,Andrei Sadovnikov,953210.0,2024-12-06,95321.0,signed,master+wb2
br1_505,BR1,505,505,em:yutalov03gmailcom,Tatiana Iutalova,947559.0,2024-12-10,94755.9,signed,master+wb2
br1_506,BR1,506,506,em:martinetsebastienyahoocomar,"Sebastien,Patrick,Henri Martinet",963834.0,2024-06-18,96383.4,signed,master+wb2
br1_507,BR1,507,507,em:amratkumardrgmailcom,Amrat Kumar Maheshwari & Sulakshana Maheshwari,1236215.0,2024-06-29,123621.5,signed,master+wb2
br1_508,BR1,508,508,em:artyomxgmailcom,Artem Germanovich Tolmachev & Salvuccio Vicinzino,1865179.0,2024-08-02,186517.9,signed,master+wb2
br1_509,BR1,509,509,em:fadikomatigmailcom,Fadi Elkomati,1815558.03,2024-07-01,181555.803,signed,master+wb2
br1_510,BR1,510,510,em:juliaballetschoolgmailcom,Juliya Valasevich & Denis Valasevich,1025366.0,2024-06-12,102536.6,signed,master+wb2
br1_511,BR1,511,511,em:osmangoniseaegmailcom,Osman Goni ; JP: Firoz Shams,1436709.0,2024-07-09,143670.9,signed,master+wb2
br1_512,BR1,512,512,em:dvbeleggingsmaatschappijgmailcom,Machiel De Vries,1914761.0,2024-06-13,191476.1,signed,master+wb2
br1_513,BR1,513,513,em:yousufimrannetscapenet,Imran Yousuf Muhammad Yousuf,1899546.0,2024-11-14,189954.6,signed,master+wb2
br1_601,BR1,601,601,em:antonb7474gmailcom,Irina Belousova,1340281.0,2026-06-07,134028.1,signed,master+wb2
br1_602,BR1,602,602,em:chhetrivajivyahoocom,Rajiv Amar Chhetri,1253965.0,2024-06-14,125396.5,signed,master+wb2
br1_603,BR1,603,603,em:goharktpgcomau,Gohar Kassabian,967731.0,2024-06-12,96773.1,signed,master+wb2
br1_604,BR1,604,604,em:bojangjorgjievoutlookcom,Bojan Gjorgjiev & Blagoj Gjorgjiev,963210.0,2024-06-18,96321.0,signed,master+wb2
br1_605,BR1,605,605,em:hobeikajosephhotmailcom,Joseph Hobeika,957559.0,2024-06-13,95755.9,signed,master+wb2
br1_606,BR1,606,606,em:7603015gmailcom,Sergei Mikhailenko,973834.0,2024-06-17,97383.4,signed,master+wb2
br1_607,BR1,607,607,em:romanziebahotmailcom,Roman Zieba,1208828.55,2024-06-18,120882.855,signed,master+wb2
br1_608,BR1,608,608,em:homedubai55gmailcom,Andrii Lavreshov,1837675.42,2024-07-01,183767.542,signed,master+wb2
br1_609,BR1,609,609,em:jeanlouisgibon02gmailcom,Jean Louis Gibon & Carolina Gibo,1843897.0,2024-06-13,184389.7,signed,master+wb2
br1_610,BR1,610,610,em:7603015gmailcom,Sergei Mikhailenko,1077722.0,2024-06-17,107772.2,signed,master+wb2
br1_611,BR1,611,611,em:aademi76gmailcom,Avni Ademi & Ardit Ademi,1446709.0,2024-06-18,144670.9,signed,master+wb2
br1_612,BR1,612,612,em:antonb7474gmailcom,Irina Belousova,1924761.0,2026-06-07,192476.1,signed,master+wb2
br1_613,BR1,613,613,em:izehiokhonyahoocom,Izehiokhon Andrew Akpengbe & Uhunamure Ogheneochuko Akpengbe,1909546.0,2024-06-22,190954.6,signed,master+wb2
br1_701,BR1,701,701,em:prasmrgmailcom,Prasanna Rangaswamy Mysore,1350281.0,2024-06-20,135028.1,signed,master+wb2
br1_702,BR1,702,702,em:zehra96hotmailno,Zehra Sherifi,1263965.0,2024-06-13,126396.5,signed,master+wb2
br1_703,BR1,703,703,em:luizbarcikhotmailcom,Luiz Guilherme,977731.0,2024-06-18,97773.1,signed,master+wb2
br1_704,BR1,704,704,em:luizbarcikhotmailcom,Luiz Guilherme,973210.0,2024-06-18,97321.0,signed,master+wb2
br1_705,BR1,705,705,em:edwardformanlewgmailcom,Edward Forman Lewknowicz,967559.0,2024-10-10,96755.9,signed,master+wb2
br1_706,BR1,706,706,em:alexey32144gmailcom,Aliaksei Zhaliazouski,983834.0,2024-06-17,98383.4,signed,master+wb2
br1_707,BR1,707,707,em:aramage,Alina Rase,1256215.0,2024-06-18,125621.5,signed,master+wb2
br1_708,BR1,708,708,em:westy2012aolcom,Timothy Robert West & Sheena Ann Mcclelland,1885179.0,2024-07-01,188517.9,signed,master+wb2
br1_709,BR1,709,709,em:dzhorovmailru,Dmitry Zhorov,1853897.0,2024-06-17,185389.7,signed,master+wb2
br1_710,BR1,710,710,em:neklarnakahotmailcom,Nicolas Paphitis,1045366.0,2024-06-13,104536.6,signed,master+wb2
br1_711,BR1,711,711,em:7603015gmailcom,Sergei Mikhailenko,1456709.0,2024-06-20,145670.9,signed,master+wb2
br1_712,BR1,712,712,em:ashkianimaryamgmailcom,Maryam Ashkiani,1934761.0,2024-06-17,193476.1,signed,master+wb2
br1_713,BR1,713,713,em:goldesthetic98gmailcom,Maciej Pawel,1919546.0,2024-06-13,191954.6,signed,master+wb2
res_201,RES,201,201,em:omeraliomer727gmailcom,Omer Ali Taher Adam,870000.0,2026-07-03,,signed,master+wb2
res_208,RES,208,208,em:ferassayedgmailcom,Sayed Feras,569679.4075,2026-05-24,,signed,master+wb2
res_209,RES,209,209,em:sohailkeramatigmailcom,Abdolrazzagh Keramati,572176.6323,2026-08-13,,signed,master+wb2
res_210,RES,210,210,em:abdelazimisam16gmailcom,ALKHAIR ABDELAZEM,564060.6517,2026-05-17,,signed,master+wb2
res_211,RES,211,211,em:abdelazimisam16gmailcom,Saif Mohamed Hasan Mohamed Alhammadi,575298.1633,2026-02-07,,signed,master+wb2
res_212,RES,212,212,em:aqadir1981gmailcom,ABDUL QADIR MUHAMMAD SALEEM,561095.1973,2026-02-24,,signed,master+wb2
res_213,RES,213,213,nm:tahminabegum,Tahmina Begum,569991.5606,2026-05-20,,signed,master+wb2
res_216,RES,216,216,em:muhammedmuhsen93gmailcom,Mohamed Mohsen Korani Mohamed Mahmoud,574205.63,2026-03-18,,signed,master+wb2
res_217,RES,217,217,em:ahlammo76yahoocom,Ahlam Solaiman Mohammadi,574049.5509,2026-08-22,,signed,master+wb2
res_218,RES,218,218,em:nazi4046gmailcom,Shahnaz Mohammadyousef Abdoullahi,561875.58,2026-08-22,,signed,master+wb2
res_302,RES,302,302,em:noorimehdiartgmailcom,Mahdi Noori,980000.0,2026-04-09,,signed,master+wb2
res_304,RES,304,304,em:lubimkhasgmailcom,Nosheen Imran,535105.7607,2026-02-06,,signed,master+wb2
res_308,RES,308,308,em:mayasin311gmailcom,Mohammad Abedalaziz Hasan Yaseen,573608.231,2026-07-27,,signed,master+wb2
res_309,RES,309,309,em:bakheetomergmailcom,Omer Mighani Bakhit Mohamed,576122.678,2026-06-25,,signed,master+wb2
res_310,RES,310,310,em:abidhocaneoutlookcom,ABID HUSSAIN ARSHAD ALI,567950.7252,2026-02-17,,signed,master+wb2
res_311,RES,311,311,em:dvobornikgmailcom,David Vobornik,579265.7368,2026-03-17,,signed,master+wb2
res_312,RES,312,312,em:amleshkumar9585gmailcom,AMLESH KUMAR RAMESHWAR YADAV,564964.8192999999,2026-03-25,,signed,master+wb2
res_313,RES,313,313,em:mehikhanyahoocom,Husnain Iqbal Khan,573922.5369,2026-06-22,,signed,master+wb2
res_316,RES,316,316,em:mohammadnasirhidarygmailcom,Mohammad Nasir Haidary,572704.0563,2026-07-07,,signed,master+wb2
res_317,RES,317,317,em:mirracekgmailcom,Miroslav Racek,520207.662,2026-04-09,,signed,master+wb2
res_318,RES,318,318,em:mirracekgmailcom,Miroslav Racek,509175.5256,2026-04-09,,signed,master+wb2
res_401,RES,401,401,nm:muhammadsaadnomani,Muhammad Saad Nomani,980974.4848,,,signed,master+wb2
res_402,RES,402,402,nm:farzanahhossen,Farzanah Hossen,1005032.662,2026-01-13,,signed,master+wb2
res_404,RES,404,404,em:vasekkulichgmailcom,Václav Kulich & Jana Vorudova,511832.3252,2026-03-16,,signed,master+wb2
res_406,RES,406,406,em:infopavelmelekcz,Pavel Melek,974616.0338,2026-03-13,,signed,master+wb2
res_407,RES,407,407,em:lkoubekgmailcom,Ladislav Koubek,996371.2955,2026-01-21,,signed,master+wb2
res_408,RES,408,408,em:trzickyjakubgmailcom,Aneta Trzicka,548660.2018,2026-03-18,,signed,master+wb2
res_409,RES,409,409,em:radekjagrjesenickastavebnicz,Radek Jagr,551065.2876,2026-03-16,,signed,master+wb2
res_410,RES,410,410,em:jirkakrejci90gmailcom,Jiri Krejci,543248.7587,2026-03-17,,signed,master+wb2
res_411,RES,411,411,em:krotil96seznamcz,Vojtech Krotil,554071.6449,2026-01-19,,signed,master+wb2
res_412,RES,412,412,em:infovipklimacz,Plamen Petrov,540392.7193,2026-01-14,,signed,master+wb2
res_413,RES,413,413,em:ijanickovaseznamcz,Iva Janickova,520068.1618,2026-03-14,,signed,master+wb2
res_416,RES,416,416,em:dvobornikgmailcom,David Vobornik,553019.4198,2026-03-17,,signed,master+wb2
res_417,RES,417,417,em:miroslavmerinskygmailcom,Miroslav Merinsky,552869.102,2026-03-17,,signed,master+wb2
res_418,RES,418,418,em:jitkaziebagmailcom,Jitka Zieba,541144.3086,2026-03-17,,signed,master+wb2
res_501,RES,501,501,em:docusman87gmailcom,Muhammad Usman,910000.0,2026-09-01,,signed,master+wb2
res_502,RES,502,502,em:salwanalkutigmxde,Nashwan Darwish Taalo Taalo,970200.0,2026-05-06,,signed,master+wb2
res_504,RES,504,504,em:horapetrseznamcz,Petr Hora,542435.9766,2026-03-16,,signed,master+wb2
res_505,RES,505,505,em:salwanalkutigmxde,Nashwan Darwish Taalo Taalo,975150.0,2026-05-06,,signed,master+wb2
res_508,RES,508,508,em:elaminranayahoocom,Rana Elmoaz Yousif Elamin,581465.878,2026-06-29,,signed,master+wb2
res_509,RES,509,509,em:gvilloldo2012gmailcom,Gustavo Martin Villoldo,584014.7695,2026-05-06,,signed,master+wb2
res_510,RES,510,510,nm:muhammadimran,Muhammad Imran,572704.06,2026-02-23,,signed,master+wb2
res_511,RES,511,511,em:cremonriccardoyahoocom,RICCARDO CREMON,594346.48,2026-05-20,,signed,master+wb2
res_512,RES,512,512,em:jnuaimiyahoocom,JABOR MOHAMED A J AL NUAIMI,572704.0634,2026-09-16,,signed,master+wb2
res_513,RES,513,513,em:rajmalhot81gmailcom,Usha Rajiv Malhotra,581784.4894,2026-01-07,,signed,master+wb2
res_516,RES,516,516,em:juliavoropayevamailru,Vitali Leudanski,586085.7439,2026-06-25,,signed,master+wb2
res_517,RES,517,517,em:nouradinehamzagmailcom,Hamza Nouradine,574207.9094,2026-06-16,,signed,master+wb2
res_518,RES,518,518,em:romanholod94gmailcom,Roman Holod,573500.592,2026-08-11,,signed,master+wb2
res_519,RES,519,519,em:khadijahrahimi32gmailcom,Khadija Rahimi,589271.8583,2026-07-14,,signed,master+wb2
res_520,RES,520,520,em:sameerajavedyahoocom,Sameera Javed (NSN),532925.4251,2026-03-22,,signed,master+wb2
