odoo_id,project_code,unit_key,unit_number,name,price,sale_price,area,unit_type,admin_fee,state
833,GOLF,101,101,PARK Golf Views - 2 Bedrooms 101,1242983.0,1242983.0,1014.68,2br,,
834,GOLF,102,102,PARK Golf Views - 2 Bedrooms 102,1296020.1,1296020.1,1040.98,2br,,
835,GOLF,103,103,,1339602.6,1339602.6,1175.09,,,
836,GOLF,104,104,PARK Golf Views - Studio 104,711848.8,711848.8,684.47,studio,,
837,GOLF,201,201,PARK Golf Views - 2 Bedrooms 201,1268350.0,1268350.0,1014.68,2br,,
838,GOLF,202,202,PARK Golf Views - 2 Bedrooms 202,1316839.7,1316839.7,1040.98,2br,,
839,GOLF,203,203,,1363104.4,1363104.4,1175.09,,,
840,GOLF,204,204,PARK Golf Views - Studio 204,732382.9,732382.9,684.47,studio,,
1146,BR2,101,101,,2209581.1,2209581.1,,,6000.0,
1147,BR2,102,102,,1068670.561,1068670.561,,,,
1148,BR2,103,103,,1669440.525,1669440.525,,,6000.0,
1149,BR2,104,104,,1024867.09,1024867.09,,,,
1150,BR2,105,105,,1032308.493,1032308.493,,,,
1151,BR2,106,106,,1613904.0,1565486.88,,,3000.0,
1152,BR2,107,107,,1065901.656,1065901.656,,,6000.0,
1153,BR2,108,108,,1068949.992,1068949.992,,,6000.0,
1154,BR2,109,109,,2063400.88,2063400.88,,,,
1155,BR2,201,201,,2228129.453,2228129.453,,,,
1156,BR2,202,202,,1076395.991,1076395.991,,,,
1157,BR2,203,203,,1049857.463,1049857.463,,,3000.0,
1158,BR2,204,204,,1057707.583,1057707.583,,,,
1159,BR2,205,205,,1049069.006,1049069.006,,,,
1160,BR2,206,206,,2682864.625,2682864.625,,,,
1161,BR2,207,207,,2336399.86,2336399.86,,,,
1162,BR2,208,208,,1056596.209,1056596.209,,,,
1163,BR2,209,209,,1571136.529,1571136.529,,,6000.0,
1164,BR2,210,210,,1073654.854,1073654.854,,,3000.0,
1165,BR2,211,211,,2108798.589,2108798.589,,,,
1166,BR2,212,212,,2400230.925,2400230.925,,,,HOLD
1167,BR2,301,301,,2220874.577,2220874.577,,,,
1168,BR2,302,302,,1086655.505,1086655.505,,,6000.0,
1169,BR2,303,303,,1705180.581,1705180.581,,,,
1170,BR2,304,304,,1057169.925,1057169.925,,,,
1171,BR2,305,305,,2702185.629,2648141.917,,,,
1172,BR2,306,306,,1089703.629,1089703.629,,,3000.0,
1173,BR2,307,307,,1113253.558,1113253.558,,,,
1174,BR2,308,308,,1085684.6,1085684.6,,,2920.0,
1175,BR2,309,309,,2714486.196,2714486.196,,,,
1176,BR2,310,310,,1048437.165,1048437.165,,,3000.0,
1177,BR2,311,311,,1646674.853,1646674.853,,,6000.0,
1178,BR2,312,312,,1083839.666,1083839.666,,,3000.0,
1179,BR2,313,313,,1112672.307,1112672.307,,,6000.0,
1180,BR2,314,314,,1977879.085,1977879.085,,,6000.0,
1181,BR2,401,401,,2327713.923,2327713.923,,,,
1182,BR2,402,402,PARK Beach Residence II - 1 Bedroom 402,1094486.68,1094486.68,,1br,6000.0,
1183,BR2,403,403,,1066325.815,1066325.815,,,6000.0,
1184,BR2,404,404,,1074159.681,1074159.681,,,6000.0,
1185,BR2,405,405,,1065270.844,1065270.844,,,6000.0,
1186,BR2,406,406,,2385818.049,2385818.049,,,6000.0,
1187,BR2,407,407,,1098366.639,1098366.639,,,6000.0,
1188,BR2,408,408,,1120574.309,1120574.309,,,,
1189,BR2,409,409,,2790850.543,2790850.543,,,6000.0,
1190,BR2,410,410,,1056596.209,1056596.209,,,6000.0,
1191,BR2,411,411,,1601666.638,1601666.638,,,6000.0,
1192,BR2,412,412,,1091569.0,1091569.0,,,,
1193,BR2,413,413,,1137766.857,1137766.857,,,,
1194,BR2,414,414,,2229692.157,2229692.157,,,6000.0,
1195,BR2,501,501,,2341875.461,2341875.461,,,6000.0,
1196,BR2,502,502,,1103532.025,1103532.025,,,6000.0,
1197,BR2,503,503,,1106970.879,1106970.879,,,6000.0,
1198,BR2,504,504,,1049411.837,1049411.837,,,6000.0,
1199,BR2,505,505,,1073371.763,1073371.763,,,,
1200,BR2,506,506,,2705826.479,2705826.479,,,,
1201,BR2,507,507,,1106947.629,1106947.629,,,6000.0,
1202,BR2,508,508,,1116995.201,1116995.201,,,6000.0,
1203,BR2,509,509,,2396879.044,2396879.044,,,6000.0,
1204,BR2,510,510,,1081073.341,1081073.341,,,,
1205,BR2,511,511,,1679444.502,1679444.502,,,6000.0,
1206,BR2,512,512,,1101903.66,1101903.66,,,,
1207,BR2,513,513,,1105449.293,1105449.293,,,,
1208,BR2,514,514,,1971308.04,1971308.04,,,,
1209,BR2,515,515,,2142300.184,2142300.184,,,2970.0,
1210,BR2,601,601,,2346150.348,2346150.348,,,6000.0,
1211,BR2,602,602,,1113821.893,1113821.893,,,6000.0,
1212,BR2,603,603,,1115304.729,1115304.729,,,6000.0,
1213,BR2,604,604,,1090890.566,1090890.566,,,109089.1,
1214,BR2,605,605,,1081472.682,1081472.682,,,,
1215,BR2,606,606,,2402792.004,2402792.004,,,,
1216,BR2,607,607,,1138514.411,1138514.411,,,,
1217,BR2,608,608,,1111330.693,1111330.693,,,,
1218,BR2,609,609,,2438472.085,2438472.085,,,6000.0,
1219,BR2,610,610,,1072914.297,1072914.297,,,,
1220,BR2,611,611,,1578785.686,1578785.686,,,6000.0,
1221,BR2,612,612,,1109611.697,1109611.697,,,,
1222,BR2,613,613,,2289386.867,2289386.867,,,6000.0,
1223,BR2,614,614,,1182473.037,1182473.037,,,,
1224,BR2,615,615,,1234755.072,1234755.072,,,6000.0,
1225,BR2,701,701,,1100507.366,1100507.366,,,6000.0,
1226,BR2,702,702,,1134369.767,1134369.767,,,,
1227,BR2,703,703,,1099186.311,1099186.311,,,3000.0,
1228,BR2,704,704,,1089573.601,1089573.601,,,6000.0,
1229,BR2,705,705,,3650682.685,3650682.685,,,,HOLD
1230,BR2,706,706,,2482931.663,2482931.663,,,6000.0,
1231,BR2,707,707,,1097391.429,1097391.429,,,6000.0,
1232,BR2,708,708,,1594107.144,1594107.144,,,6000.0,
1233,BR2,709,709,,1230045.161,1230045.161,,,,HOLD
1234,BR2,710,710,,1123304.467,1123304.467,,,6000.0,
1235,BR2,711,711,,2200432.835,2200432.835,,,6000.0,
1236,BR2,712,712,,2004099.755,2004099.755,,,,
1237,BR2,713,713,,1136812.098,1136812.098,,,,
825,RES,101,101,,982679.4866,982679.4866,,,,
826,RES,102,102,,1100824.053,1100824.053,,,,
934,RES,105,105,,1100824.053,1100824.053,,,,
935,RES,106,106,,1011462.2,1011462.2,,,,
936,RES,107,107,,1461436.2308,1461436.2308,,,,
937,RES,108,108,,662582.6284,662582.6284,,,,
938,RES,109,109,,674778.1271,674778.1271,,,,
939,RES,110,110,,678803.8256999999,678803.8256999999,,,,
940,RES,111,111,,697629.8868,697629.8868,,,,
941,RES,112,112,,697156.2751999999,697156.2751999999,,,,
942,RES,113,113,,714087.8899,714087.8899,,,,
943,RES,114,114,,1597050.6069,1597050.6069,,,,
944,RES,115,115,,1762642.4445,1762642.4445,,,,
945,RES,116,116,,691946.5475999999,691946.5475999999,,,,
946,RES,117,117,,678211.8112,678211.8112,,,,
947,RES,118,118,,658793.7355999999,658793.7355999999,,,,
948,RES,119,119,,1164331.063,1164331.063,,,,
949,RES,121,121,,1382170.8712,1382170.8712,,,,
829,RES,201,201,,870000.0,870000.0,,,,sold
830,RES,202,202,,980000.0,980000.0,,,,
831,RES,203,203,,1471511.2412,1471511.2412,,,,
950,RES,205,205,,980000.0,980000.0,,,,
951,RES,206,206,,930000.0,930000.0,,,,
952,RES,207,207,,970000.0,970000.0,,,,
953,RES,208,208,,569679.4075,569679.4075,,,,sold
954,RES,209,209,,572176.6322999999,572176.6323,,,,sold
955,RES,210,210,,564060.6516999999,564060.6517,,,,sold
956,RES,211,211,,575298.1632999999,575298.1633,,,,sold
957,RES,212,212,,561095.1972499999,561095.1973,,,,sold
958,RES,213,213,,569991.5606,569991.5606,,,,sold
959,RES,214,214,,1000000.0,1000000.0,,,,
960,RES,215,215,,1050000.0,1050000.0,,,,
961,RES,216,216,,574205.63,574205.63,,,,sold
962,RES,217,217,,574049.5508999999,574049.5509,,,,sold
963,RES,218,218,,561875.5800000001,561875.58,,,,sold
964,RES,219,219,,970000.0,970000.0,,,,
965,RES,221,221,,910000.0,910000.0,,,,
966,RES,301,301,,910000.0,910000.0,,,,
967,RES,302,302,,980000.0,980000.0,,,,sold
968,RES,303,303,,970000.0,970000.0,,,,
969,RES,304,304,,535105.7607,535105.7607,,,,sold
970,RES,305,305,,980000.0,980000.0,,,,
971,RES,306,306,,930000.0,930000.0,,,,
972,RES,307,307,,970000.0,970000.0,,,,
973,RES,308,308,,573608.2309999999,573608.231,,,,sold
974,RES,309,309,,576122.6780399999,576122.678,,,,sold
975,RES,310,310,,567950.72516,567950.7252,,,,sold
976,RES,311,311,,579265.7368399999,579265.7368,,,,sold
977,RES,312,312,,564964.8192999999,564964.8192999999,,,,sold
978,RES,313,313,,573922.53688,573922.5369,,,,sold
979,RES,314,314,,1000000.0,1000000.0,,,,
980,RES,315,315,,1290508.73,1290508.73,,,,
981,RES,316,316,,578165.66626,572704.0563,,,,sold
982,RES,317,317,,578008.5133199999,520207.662,,,,sold
983,RES,318,318,,565750.584,509175.5256,,,,sold
984,RES,319,319,,970000.0,970000.0,,,,
985,RES,321,321,,910000.0,910000.0,,,,
986,RES,401,401,,980974.4848399999,980974.4848,,,,sold
987,RES,402,402,,1116702.95828,1005032.662,,,,sold
988,RES,403,403,,1088273.35,1088273.35,,,,
989,RES,404,404,,538770.86865,511832.3252,,,,sold
990,RES,405,405,,1116550.11,1116550.11,,,,
991,RES,406,406,,1025911.61456,974616.0338,,,,sold
992,RES,407,407,,1048811.89,996371.2955,,,,sold
993,RES,408,408,,577537.0545,548660.2018,,,,sold
994,RES,409,409,,580068.7237799999,551065.2876,,,,sold
995,RES,410,410,,571840.79862,543248.7587,,,,sold
996,RES,411,411,,583233.3103799999,554071.6449,,,,sold
997,RES,412,412,,568834.4413499999,540392.7193,,,,sold
998,RES,413,413,,577853.51316,520068.1618,,,,sold
999,RES,414,414,,1176160.59,1176160.59,,,,
1000,RES,415,415,,1299661.27,1299661.27,,,,
1001,RES,416,416,,582125.70507,553019.4198,,,,sold
1002,RES,417,417,,581967.4757399999,552869.102,,,,sold
1003,RES,418,418,,569625.588,541144.3086,,,,sold
1004,RES,419,419,,1089648.97,1089648.97,,,,
1005,RES,421,421,,1016740.77,1016740.77,,,,
1006,RES,501,501,,910000.0,910000.0,,,,sold
1007,RES,502,502,,980000.0,970200.0,,,,sold
1008,RES,503,503,,980000.0,980000.0,,,,
1009,RES,504,504,,542435.9765999999,542435.9766,,,,sold
1010,RES,505,505,,985000.0,975150.0,,,,sold
1011,RES,506,506,,930000.0,930000.0,,,,
1012,RES,507,507,,970000.0,970000.0,,,,
1013,RES,508,508,,581465.8779999999,581465.878,,,,sold
1014,RES,509,509,,584014.76952,584014.7695,,,,sold
1015,RES,510,510,,572704.06,572704.06,,,,sold
1016,RES,511,511,,594346.48,594346.48,,,,sold
1017,RES,512,512,,572704.0633999999,572704.0634,,,,sold
1018,RES,513,513,,581784.48944,581784.4894,,,,sold
1019,RES,514,514,,1000000.0,1000000.0,,,,
1020,RES,515,515,,1100000.0,1100000.0,,,,
1021,RES,516,516,,586085.74388,586085.7439,,,,sold
1022,RES,517,517,,585926.4381599999,574207.9094,,,,sold
1023,RES,518,518,,573500.5920000001,573500.592,,,,sold
1024,RES,519,519,,589271.8582799999,589271.8583,,,,sold
1025,RES,520,520,,592139.36124,532925.4251,,,,sold
1026,RES,521,521,,920000.0,920000.0,716.983379,,,
