proj,unit,contract_id,sale_price,total_paid,last_pay,contract_date
BR1,101,334,1290281.00,688102.11,2024-12-16,2024-06-28
BR1,102,335,1203965.00,457513.52,2024-09-10,2024-10-09
BR1,103,336,917731.00,321207.11,2024-09-03,2024-07-13
BR1,104,337,913210.00,410918.00,2024-08-08,2024-07-13
BR1,105,338,907559.00,399335.90,2024-08-17,2024-07-21
BR1,106,339,923834.00,280148.38,2024-12-30,2024-06-16
BR1,107,340,1196215.00,442597.51,2024-08-27,2024-10-09
BR1,108,341,2290130.00,2255726.22,2024-09-24,2024-07-23
BR1,109,342,2171081.00,613886.37,,2024-09-26
BR1,201,343,1300281.00,403087.22,2024-11-07,2024-07-20
BR1,202,344,1213965.00,375632.01,2025-04-17,2024-09-19
BR1,203,345,927731.00,426797.11,2024-08-15,2024-06-21
BR1,204,346,923210.00,424674.00,2024-07-23,2024-06-18
BR1,205,347,917559.00,413082.13,2025-07-07,2024-06-13
BR1,206,348,933834.00,498130.00,,2024-06-13
BR1,207,349,1206215.00,542910.01,2024-09-19,2024-06-29
BR1,208,350,1835179.00,400400.22,,2024-07-31
BR1,209,351,1803897.00,469197.18,,2024-08-08
BR1,210,352,995366.00,438601.02,2024-12-23,2024-07-01
BR1,211,353,1406709.00,640439.91,2024-12-04,2024-07-24
BR1,212,354,1884761.00,829441.98,,2024-06-21
BR1,213,355,1869546.00,710465.00,2024-08-06,2024-07-13
BR1,301,356,1310281.00,412056.42,2024-09-30,2024-10-10
BR1,302,357,1223965.00,489585.10,2025-03-17,2024-06-21
BR1,303,358,937731.00,365713.88,2024-08-09,2024-06-18
BR1,304,359,933210.00,425308.16,2025-04-12,2024-07-11
BR1,305,360,927559.00,383103.42,2024-11-07,2024-06-12
BR1,306,361,943834.00,426691.25,2024-08-15,2024-06-18
BR1,307,362,1216215.00,547357.52,2024-08-02,2024-07-04
BR1,308,363,1845179.00,722622.00,2024-12-30,2024-07-26
BR1,309,364,1813897.00,781099.93,2024-09-09,2024-10-09
BR1,310,365,1005366.00,311616.23,2025-07-01,2024-06-17
BR1,311,366,1416709.00,623350.54,2024-10-22,2024-07-18
BR1,312,367,1894761.00,795800.53,2024-10-17,2024-06-25
BR1,313,368,1879546.00,827000.58,2024-08-13,2024-07-12
BR1,401,369,1320281.00,704000.25,2024-07-06,2024-07-01
BR1,402,370,1233965.00,545944.46,2024-08-09,2024-06-22
BR1,403,371,947731.00,436590.46,,2024-06-18
BR1,404,372,943210.00,443390.25,,2024-12-06
BR1,405,373,937559.00,440652.30,,2024-12-06
BR1,406,374,953834.00,352929.32,2024-11-07,2024-06-13
BR1,407,375,1226215.00,551795.85,2025-11-05,2024-07-03
BR1,408,376,1511739.00,1950938.99,2025-04-14,2024-07-08
BR1,409,377,1805658.03,815556.60,2024-08-01,2024-07-01
BR1,410,378,1015366.00,535991.13,,2024-06-13
BR1,411,379,1426709.00,627748.41,,2024-10-07
BR1,412,380,1904761.00,761903.96,2024-08-06,2024-06-18
BR1,413,381,1889546.00,702595.37,,2024-08-19
BR1,501,382,1330281.00,452295.77,2025-05-10,2024-07-12
BR1,502,383,1243965.00,600467.39,2024-12-10,2024-06-21
BR1,503,384,957731.00,430979.15,2024-12-11,2024-06-12
BR1,504,385,953210.00,448009.17,,2024-12-06
BR1,505,386,947559.00,445353.50,,2024-12-10
BR1,506,387,963834.00,433749.50,2024-08-17,2024-06-18
BR1,507,388,1236215.00,531572.04,2024-11-08,2024-06-29
BR1,508,389,1865179.00,677919.58,2024-10-07,2024-08-02
BR1,509,390,1815558.03,821777.80,2024-08-02,2024-07-01
BR1,510,391,1025366.00,561940.00,2024-07-25,2024-06-12
BR1,511,392,1436709.00,632149.90,2024-08-21,2024-07-09
BR1,512,393,1914761.00,746735.13,2024-07-26,2024-06-13
BR1,513,394,1899546.00,382908.60,,2024-11-14
BR1,601,395,1340281.00,603124.47,,2026-06-07
BR1,602,396,1253965.00,576827.00,2024-07-25,2024-06-14
BR1,603,397,967731.00,431681.33,2024-12-11,2024-06-12
BR1,604,398,963210.00,443077.24,2025-12-23,2024-06-18
BR1,605,399,957559.00,440487.95,2024-12-11,2024-06-13
BR1,606,400,973834.00,418387.72,2026-06-16,2024-06-17
BR1,607,401,1208828.55,531884.21,2024-06-26,2024-06-18
BR1,608,402,1837675.42,918840.50,,2024-07-01
BR1,609,403,1843897.00,737559.37,2024-06-21,2024-06-13
BR1,610,404,1077722.00,463547.09,2026-06-16,2024-06-17
BR1,611,405,1446709.00,651003.59,2025-06-12,2024-06-18
BR1,612,406,1924761.00,866395.49,,2026-06-07
BR1,613,407,1909546.00,859333.68,2024-08-07,2024-06-22
BR1,701,408,1350281.00,548531.84,2025-02-27,2024-06-20
BR1,702,409,1263965.00,568793.60,2025-06-09,2024-06-13
BR1,703,410,977731.00,439978.75,2024-08-10,2024-06-18
BR1,704,411,973210.00,437935.50,2024-08-10,2024-06-18
BR1,705,412,967559.00,400511.05,2025-02-05,2024-10-10
BR1,706,413,983834.00,492025.05,2024-06-21,2024-06-17
BR1,707,414,1256215.00,584225.47,,2024-06-18
BR1,708,415,1885179.00,695550.11,2025-01-10,2024-07-01
BR1,709,416,1853897.00,834254.97,2024-07-21,2024-06-17
BR1,710,417,1045366.00,418209.16,2026-01-07,2024-06-13
BR1,711,418,1456709.00,621810.10,2026-06-16,2024-06-20
BR1,712,419,1934761.00,742476.20,2025-04-05,2024-06-17
BR1,713,420,1919546.00,733500.38,,2024-06-13
BR2,101,245,2209581.10,867736.93,2026-06-08,2024-10-04
BR2,102,246,1068670.56,412073.33,2026-02-17,2024-10-03
BR2,103,247,1669440.53,523526.57,2025-11-05,2024-10-03
BR2,104,248,1024867.09,374950.97,,2025-03-24
BR2,105,249,1032308.49,115231.06,,2024-10-01
BR2,106,250,1565486.88,1634106.01,,2024-10-03
BR2,107,251,1065901.66,411066.09,2026-06-09,2024-10-02
BR2,108,252,1068949.99,465649.43,2025-04-02,2024-10-02
BR2,109,253,2063400.88,538680.10,,2026-10-05
BR2,201,254,2228129.45,941802.91,2026-02-16,2025-01-09
BR2,202,255,1076395.99,361284.63,2026-06-11,2024-10-03
BR2,203,256,1049857.46,446943.13,2025-09-09,2024-10-14
BR2,204,257,1057707.58,349299.16,2025-03-06,2024-10-02
BR2,205,258,1049069.01,530536.09,,2026-10-05
BR2,206,259,2682864.63,1341433.00,,2025-01-11
BR2,207,260,2336399.86,473280.20,,2025-04-14
BR2,208,261,1056596.21,353379.95,2025-02-25,2024-10-01
BR2,209,262,1571136.53,665273.42,2025-03-01,2024-10-03
BR2,210,263,1073654.85,456764.53,2025-04-03,2024-10-03
BR2,211,264,2108798.59,938914.11,2025-11-18,2025-01-07
BR2,301,265,2220874.58,444185.00,,2025-01-20
BR2,302,266,1086655.51,462396.78,2025-04-18,2024-10-15
BR2,303,267,1705180.58,722182.57,,2024-10-01
BR2,304,268,1057169.93,269721.01,,2026-10-05
BR2,305,269,2648141.92,985812.17,,2026-01-15
BR2,306,270,1089703.63,463674.83,2025-09-06,2024-10-03
BR2,307,271,1113253.56,406771.81,2025-01-16,2024-10-01
BR2,308,272,1085684.60,464990.23,2024-11-30,2024-10-02
BR2,309,273,2714486.20,827747.91,2025-12-16,2025-10-14
BR2,310,274,1048437.17,446415.43,2025-04-02,2024-10-02
BR2,311,275,1646674.85,631736.35,2025-03-08,2026-10-05
BR2,312,276,1083839.67,428695.80,2025-08-28,2024-09-30
BR2,313,277,1112672.31,473887.43,2026-02-17,2026-10-05
BR2,314,278,1977879.09,718038.53,2025-02-28,2024-10-02
BR2,401,279,2327713.92,960377.33,,2024-11-14
BR2,402,280,1094486.68,477179.18,2025-03-19,2024-10-02
BR2,403,281,1066325.82,443192.01,2025-10-06,2024-10-12
BR2,404,282,1074159.68,445956.92,2026-05-25,2024-09-30
BR2,405,283,1065270.84,442765.48,2026-06-16,2024-09-30
BR2,406,284,2385818.05,936467.97,2026-06-16,2024-09-30
BR2,407,285,1098366.64,466961.87,2025-04-07,2024-10-01
BR2,408,286,1120574.31,444414.38,2025-01-17,2024-10-01
BR2,409,287,2790850.54,979912.54,2026-03-26,2024-10-14
BR2,410,288,1056596.21,375806.63,2025-02-06,2024-10-07
BR2,411,289,1601666.64,694220.81,2025-11-06,2024-10-01
BR2,412,290,1091569.00,376723.42,2025-04-10,2024-10-02
BR2,413,291,1137766.86,574897.00,,2026-10-05
BR2,414,292,2229692.16,967763.21,2025-03-28,2024-10-01
BR2,501,293,2341875.46,989585.67,2025-06-28,2024-09-30
BR2,502,294,1103532.03,469483.18,2025-04-03,2024-10-15
BR2,503,295,1106970.88,437718.66,2025-05-31,2024-09-30
BR2,504,296,1049411.84,457206.16,2024-11-21,2024-10-01
BR2,505,297,1073371.76,349299.15,2025-03-06,2024-10-03
BR2,506,298,2705826.48,1196565.67,2025-09-01,2024-10-03
BR2,507,299,1106947.63,481903.23,2025-04-03,2026-10-05
BR2,508,300,1116995.20,475138.58,2025-04-02,2024-10-01
BR2,509,301,2396879.04,1060631.44,2024-12-09,2024-09-30
BR2,510,302,1081073.34,439967.13,2025-05-30,2026-10-05
BR2,511,303,1679444.50,711307.62,2025-04-03,2024-10-01
BR2,512,304,1101903.66,333532.78,,2024-10-02
BR2,513,305,1105449.29,325636.38,,2024-10-02
BR2,514,306,1971308.04,775693.12,2024-11-11,2024-09-30
BR2,515,307,2142300.18,841497.37,2025-02-21,2024-10-01
BR2,601,308,2346150.35,897475.83,2025-07-17,2024-10-03
BR2,602,309,1113821.89,562857.43,2026-03-05,2024-10-03
BR2,603,310,1115304.73,409271.17,2025-09-20,2024-10-03
BR2,604,311,1090890.57,485988.10,2025-12-23,2024-10-03
BR2,605,312,1081472.68,356885.72,2025-10-25,2024-10-02
BR2,606,313,2402792.00,1207500.00,,2026-10-05
BR2,607,314,1138514.41,327891.72,,2024-10-02
BR2,608,315,1111330.69,472771.47,2024-10-18,2024-10-02
BR2,609,316,2438472.09,1130657.83,2026-10-31,2024-10-31
BR2,610,317,1072914.30,459915.00,,2024-09-30
BR2,611,318,1578785.69,479548.88,2025-10-27,2024-10-03
BR2,612,319,1109611.70,455948.95,,2024-10-03
BR2,613,320,2289386.87,898860.26,2025-09-20,2024-10-03
BR2,614,321,1182473.04,249000.00,,2024-10-02
BR2,615,322,1234755.07,450574.69,2025-08-13,2024-10-02
BR2,701,323,1100507.37,479217.44,2025-09-01,2024-10-01
BR2,702,324,1134369.77,451911.52,,2026-09-01
BR2,703,325,1099186.31,467423.05,2025-07-02,2026-10-05
BR2,704,326,1089573.60,463627.57,,2026-10-05
BR2,706,327,2482931.66,949513.94,2024-11-04,2024-10-29
BR2,707,328,1097391.43,477880.44,2025-07-04,2024-10-03
BR2,708,329,1594107.14,595668.98,2025-03-27,2024-11-15
BR2,710,330,1123304.47,387922.99,2025-04-29,2024-10-02
BR2,711,331,2200432.84,974182.44,2024-12-09,2024-09-30
BR2,712,332,2004099.76,727271.18,2025-03-05,2026-08-20
BR2,713,333,1136812.10,426570.08,2025-09-29,2026-10-05
GOLF,302,243,1348069.10,269615.00,,2026-09-26
GOLF,R01,244,4500000.00,540001.13,,2026-09-07
RES,201,421,870000.00,17500.00,,2026-07-03
RES,208,422,569679.41,148720.12,,2026-05-24
RES,209,423,572176.63,113264.07,,2026-08-13
RES,210,424,564060.65,54500.00,,2026-05-17
RES,211,425,575298.16,85091.84,,2026-02-07
RES,212,426,561095.20,151323.02,,2026-02-24
RES,213,427,569991.56,11400.00,,2026-05-20
RES,216,428,574205.63,80000.00,,2026-03-18
RES,217,429,574049.55,113700.00,,2026-08-22
RES,218,430,561875.58,111600.00,,2026-08-22
RES,302,431,980000.00,25000.00,,2026-04-09
RES,304,432,535105.76,10740.00,,2026-02-06
RES,308,433,573608.23,142222.00,,2026-07-27
RES,309,434,576122.68,46304.00,,2026-06-25
RES,310,435,567950.73,152490.51,,2026-02-17
RES,311,436,579265.74,139023.79,,2026-03-17
RES,312,437,564964.82,153590.49,,2026-03-25
RES,313,438,573922.54,58612.97,,2026-06-22
RES,316,439,572704.06,90453.19,,2026-07-07
RES,317,440,520207.66,337062.14,,2026-04-09
RES,318,441,509175.53,328875.85,,2026-04-09
RES,401,442,980974.48,0.00,,2026-10-05
RES,402,443,1005032.66,165960.00,,2026-01-13
RES,404,444,511832.33,122839.75,,2026-03-16
RES,406,445,974616.03,435978.82,,2026-03-13
RES,407,446,996371.30,239129.10,,2026-01-21
RES,408,447,548660.20,131117.20,,2026-03-18
RES,409,448,551065.29,143246.90,,2026-03-16
RES,410,449,543248.76,135812.20,,2026-03-17
RES,411,450,554071.64,109970.00,,2026-01-19
RES,412,451,540392.72,108078.54,,2026-01-14
RES,413,452,520068.16,260034.08,,2026-03-14
RES,416,453,553019.42,132724.64,,2026-03-17
RES,417,454,552869.10,143745.96,,2026-03-17
RES,418,455,541144.31,129874.62,,2026-03-17
RES,501,456,910000.00,222900.00,,2026-09-01
RES,502,457,970200.00,78808.00,,2026-05-06
RES,504,458,542435.98,130184.64,,2026-03-16
RES,505,459,975150.00,81492.22,,2026-05-06
RES,508,460,581465.88,34894.00,,2026-06-29
RES,509,461,584014.77,74807.11,,2026-05-06
RES,510,462,572704.06,160723.47,,2026-02-23
RES,511,463,594346.48,111538.69,,2026-05-20
RES,512,464,572704.06,83044.71,,2026-09-16
RES,513,465,581784.49,116356.22,,2026-01-07
RES,516,466,586085.74,104183.27,,2026-06-25
RES,517,467,574207.91,42420.40,,2026-06-16
RES,518,468,573500.59,63086.00,,2026-08-11
RES,519,469,589271.86,29500.00,,2026-07-14
RES,520,470,532925.43,266463.00,,2026-03-22
