proj,unit_id,unit_number,floor,unit_type,state,area,price,sale_price,admin_fee,registration_fee,payment_schedule_id,active
BR1,1251,101,1,1br,sold,679.1,1290281.00,1290281.00,3000.00,,,t
BR1,1252,102,1,1br,sold,668.87,1203965.00,1203965.00,3000.00,,,t
BR1,1253,103,1,studio,sold,437.01,917731.00,917731.00,3000.00,,,t
BR1,1254,104,1,studio,sold,434.86,913210.00,913210.00,3000.00,,,t
BR1,1255,105,1,studio,sold,432.17,907559.00,907559.00,3000.00,,,t
BR1,1256,106,1,studio,sold,439.92,923834.00,923834.00,,,,t
BR1,1257,107,1,1br,sold,664.56,1196215.00,1196215.00,3000.00,,,t
BR1,1258,108,1,1br,sold,1145.06,2290130.00,2290130.00,,,,t
BR1,1259,109,1,1br,sold,1085.54,2171081.00,2171081.00,,,,t
BR1,1260,201,2,1br,sold,679.1,1300281.00,1300281.00,3000.00,,,t
BR1,1261,202,2,1br,sold,668.87,1213965.00,1213965.00,3000.00,,,t
BR1,1262,203,2,studio,sold,437.01,927731.00,927731.00,3000.00,,,t
BR1,1263,204,2,studio,sold,434.86,923210.00,923210.00,3000.00,,,t
BR1,1264,205,2,studio,sold,432.17,917559.00,917559.00,2872.65,,,t
BR1,1265,206,2,studio,sold,439.92,933834.00,933834.00,3000.00,,,t
BR1,1266,207,2,1br,sold,664.56,1206215.00,1206215.00,3000.00,,,t
BR1,1267,208,2,1br,sold,978.76,1835179.00,1835179.00,3000.00,,,t
BR1,1268,209,2,1br,sold,962.08,1803897.00,1803897.00,2869.13,,,t
BR1,1269,210,2,studio,sold,423.56,995366.00,995366.00,2942.25,,,t
BR1,1270,211,2,1br,sold,686.2,1406709.00,1406709.00,,,,t
BR1,1271,212,2,1br,sold,942.38,1884761.00,1884761.00,3000.00,,,t
BR1,1272,213,2,1br,sold,958.74,1869546.00,1869546.00,3000.00,,,t
BR1,1273,301,3,1br,sold,679.1,1310281.00,1310281.00,3000.00,,,t
BR1,1274,302,3,1br,sold,668.87,1223965.00,1223965.00,3000.00,,,t
BR1,1275,303,3,studio,sold,437.01,937731.00,937731.00,3000.00,,,t
BR1,1276,304,3,studio,sold,434.86,933210.00,933210.00,3000.00,,,t
BR1,1277,305,3,studio,sold,432.17,927559.00,927559.00,3000.00,,,t
BR1,1278,306,3,studio,sold,439.92,943834.00,943834.00,,,,t
BR1,1279,307,3,1br,sold,664.56,1216215.00,1216215.00,3000.00,,,t
BR1,1280,308,3,1br,sold,978.76,1845179.00,1845179.00,3000.00,,,t
BR1,1281,309,3,1br,sold,962.08,1813897.00,1813897.00,3000.00,,,t
BR1,1282,310,3,studio,sold,423.56,1005366.00,1005366.00,3000.00,,,t
BR1,1283,311,3,1br,sold,686.2,1416709.00,1416709.00,3000.00,,,t
BR1,1284,312,3,1br,sold,942.38,1894761.00,1894761.00,3000.00,,,t
BR1,1285,313,3,1br,sold,958.74,1879546.00,1879546.00,3000.00,,,t
BR1,1286,401,4,1br,sold,679.1,1320281.00,1320281.00,3000.00,,,t
BR1,1287,402,4,1br,sold,668.87,1233965.00,1233965.00,3000.00,,,t
BR1,1288,403,4,studio,sold,437.01,947731.00,947731.00,3000.00,,,t
BR1,1289,404,4,studio,sold,434.86,943210.00,943210.00,3000.00,,,t
BR1,1290,405,4,studio,sold,432.17,937559.00,937559.00,3000.00,,,t
BR1,1291,406,4,studio,sold,439.92,953834.00,953834.00,3000.00,,,t
BR1,1292,407,4,1br,sold,664.56,1226215.00,1226215.00,3000.00,,,t
BR1,1293,408,4,1br,sold,978.76,1855179.00,1511739.00,3000.00,,,t
BR1,1294,409,4,1br,sold,962.08,1805658.03,1805658.03,3000.00,,,t
BR1,1295,410,4,studio,sold,423.56,1015366.00,1015366.00,3000.00,,,t
BR1,1296,411,4,1br,sold,686.2,1426709.00,1426709.00,2999.00,,,t
BR1,1297,412,4,1br,sold,942.38,1904761.00,1904761.00,3000.00,,,t
BR1,1298,413,4,1br,sold,958.74,1889546.00,1889546.00,3000.00,,,t
BR1,1299,501,5,1br,sold,679.1,1330281.00,1330281.00,3000.00,,,t
BR1,1300,502,5,1br,sold,668.87,1243965.00,1243965.00,2999.86,,,t
BR1,1301,503,5,studio,sold,437.01,957731.00,957731.00,3000.00,,,t
BR1,1302,504,5,studio,sold,434.86,953210.00,953210.00,3000.00,,,t
BR1,1303,505,5,studio,sold,432.17,947559.00,947559.00,3000.00,,,t
BR1,1304,506,5,studio,sold,439.92,963834.00,963834.00,2980.00,,,t
BR1,1305,507,5,1br,sold,664.56,1236215.00,1236215.00,3000.00,,,t
BR1,1306,508,5,1br,sold,978.76,1865179.00,1865179.00,3000.00,,,t
BR1,1307,509,5,1br,sold,962.08,1815558.03,1815558.03,3000.00,,,t
BR1,1308,510,5,studio,sold,423.56,1025366.00,1025366.00,3000.00,,,t
BR1,1309,511,5,1br,sold,686.2,1436709.00,1436709.00,3000.00,,,t
BR1,1310,512,5,1br,sold,942.38,1914761.00,1914761.00,2970.00,,,t
BR1,1311,513,5,1br,sold,958.74,1899546.00,1899546.00,,,,t
BR1,1312,601,6,1br,sold,679.1,1340281.00,1340281.00,3000.00,,,t
BR1,1313,602,6,1br,sold,668.87,1253965.00,1253965.00,3000.00,,,t
BR1,1314,603,6,studio,sold,437.01,967731.00,967731.00,3000.00,,,t
BR1,1315,604,6,studio,sold,434.86,963210.00,963210.00,2999.00,,,t
BR1,1316,605,6,studio,sold,432.17,957559.00,957559.00,3000.00,,,t
BR1,1317,606,6,studio,sold,439.92,973834.00,973834.00,3000.00,,,t
BR1,1318,607,6,1br,sold,664.56,1208828.55,1208828.55,3000.00,,,t
BR1,1319,608,6,1br,sold,978.76,1837675.42,1837675.42,3000.00,,,t
BR1,1320,609,6,1br,sold,962.08,1843897.00,1843897.00,3000.00,,,t
BR1,1321,610,6,studio,sold,423.56,1077722.00,1077722.00,3000.00,,,t
BR1,1322,611,6,1br,sold,686.2,1446709.00,1446709.00,2980.00,,,t
BR1,1323,612,6,1br,sold,942.38,1924761.00,1924761.00,3000.00,,,t
BR1,1324,613,6,1br,sold,958.74,1909546.00,1909546.00,3000.00,,,t
BR1,1325,701,7,1br,sold,679.1,1350281.00,1350281.00,,,,t
BR1,1326,702,7,1br,sold,668.87,1263965.00,1263965.00,3000.00,,,t
BR1,1327,703,7,studio,sold,437.01,977731.00,977731.00,3000.00,,,t
BR1,1328,704,7,studio,sold,434.86,973210.00,973210.00,3000.00,,,t
BR1,1329,705,7,studio,sold,432.17,967559.00,967559.00,3000.00,,,t
BR1,1330,706,7,studio,sold,439.92,983834.00,983834.00,3000.00,,,t
BR1,1331,707,7,1br,sold,664.56,1256215.00,1256215.00,3000.00,,,t
BR1,1332,708,7,1br,sold,978.76,1885179.00,1885179.00,,,,t
BR1,1333,709,7,1br,sold,962.08,1853897.00,1853897.00,3000.00,,,t
BR1,1334,710,7,studio,sold,423.56,1045366.00,1045366.00,2873.00,,,t
BR1,1335,711,7,1br,sold,686.2,1456709.00,1456709.00,2999.98,,,t
BR1,1336,712,7,1br,sold,942.38,1934761.00,1934761.00,3000.00,,,t
BR1,1337,713,7,1br,sold,958.74,1919546.00,1919546.00,3000.00,,,t
BR1,1248,SHOP-01,0,,available,780.17,,,,,,t
BR1,1249,SHOP-02,0,,available,1085.32,,,,,,t
BR1,1250,SHOP-03,0,,available,1485.74,,,,,,t
BR2,1146,101,1,1br,sold,1686.7,2209581.10,2209581.10,6000.00,,,t
BR2,1147,102,1,studio,sold,452.73,1068670.56,1068670.56,,,,t
BR2,1148,103,1,1br,sold,890.39,1669440.53,1669440.53,6000.00,,,t
BR2,1149,104,1,studio,sold,398.8,1024867.09,1024867.09,,,,t
BR2,1150,105,1,studio,sold,401.71,1032308.49,1032308.49,,,,t
BR2,1151,106,1,1br,sold,819.24,1613904.00,1565486.88,3000.00,,,t
BR2,1152,107,1,studio,sold,451.65,1065901.66,1065901.66,6000.00,,,t
BR2,1153,108,1,studio,sold,452.94,1068949.99,1068949.99,6000.00,,,t
BR2,1154,109,1,1br,sold,1146.25,2063400.88,2063400.88,,,,t
BR2,1155,201,2,1br,sold,1614.59,2228129.45,2228129.45,,,,t
BR2,1156,202,2,studio,sold,452.3,1076395.99,1076395.99,,,,t
BR2,1157,203,2,studio,sold,411.72,1049857.46,1049857.46,3000.00,,,t
BR2,1158,204,2,studio,sold,414.84,1057707.58,1057707.58,,,,t
BR2,1159,205,2,studio,sold,405.05,1049069.01,1049069.01,,,,t
BR2,1160,206,2,2br,sold,1265.51,2682864.63,2682864.63,,,,t
BR2,1161,207,2,1br,sold,1262.93,2336399.86,2336399.86,,,,t
BR2,1162,208,2,studio,sold,407.95,1056596.21,1056596.21,,,,t
BR2,1163,209,2,1br,sold,762.73,1571136.53,1571136.53,6000.00,,,t
BR2,1164,210,2,studio,sold,451.12,1073654.85,1073654.85,3000.00,,,t
BR2,1165,211,2,1br,sold,1360.56,2108798.59,2108798.59,,,,t
BR2,1166,212,2,1br,sold,1540.64,2400230.93,2400230.93,,,,t
BR2,1167,301,3,1br,sold,1563.99,2220874.58,2220874.58,,,,t
BR2,1168,302,3,studio,sold,452.73,1086655.51,1086655.51,6000.00,,,t
BR2,1169,303,3,1br,sold,890.39,1705180.58,1705180.58,,,,t
BR2,1170,304,3,studio,sold,405.05,1057169.93,1057169.93,,,,t
BR2,1171,305,3,2br,sold,1262.71,2702185.63,2648141.92,,,,t
BR2,1172,306,3,studio,sold,429.05,1089703.63,1089703.63,3000.00,,,t
BR2,1173,307,3,studio,sold,447.13,1113253.56,1113253.56,,,,t
BR2,1174,308,3,studio,sold,427.43,1085684.60,1085684.60,2920.00,,,t
BR2,1175,309,3,2br,sold,1268.53,2714486.20,2714486.20,,,,t
BR2,1176,310,3,studio,sold,407.95,1048437.17,1048437.17,3000.00,,,t
BR2,1177,311,3,1br,sold,819.24,1646674.85,1646674.85,6000.00,,,t
BR2,1178,312,3,studio,sold,451.65,1083839.67,1083839.67,3000.00,,,t
BR2,1179,313,3,studio,sold,488.04,1112672.31,1112672.31,6000.00,,,t
BR2,1180,314,3,1br,sold,1019.56,1977879.09,1977879.09,6000.00,,,t
BR2,1181,401,4,1br,sold,1650.86,2327713.92,2327713.92,,,,t
BR2,1182,402,4,1br,sold,452.3,1094486.68,1094486.68,6000.00,,,t
BR2,1183,403,4,studio,sold,411.72,1066325.82,1066325.82,6000.00,,,t
BR2,1184,404,4,studio,sold,414.73,1074159.68,1074159.68,6000.00,,,t
BR2,1185,405,4,studio,sold,405.05,1065270.84,1065270.84,6000.00,,,t
BR2,1186,406,4,1br,sold,1262.39,2385818.05,2385818.05,6000.00,,,t
BR2,1187,407,4,studio,sold,429.05,1098366.64,1098366.64,6000.00,,,t
BR2,1188,408,4,studio,sold,446.49,1120574.31,1120574.31,,,,t
BR2,1189,409,4,2br,sold,1581.22,2790850.54,2790850.54,6000.00,,,t
BR2,1190,410,4,studio,sold,407.95,1056596.21,1056596.21,6000.00,,,t
BR2,1191,411,4,1br,sold,762.73,1601666.64,1601666.64,6000.00,,,t
BR2,1192,412,4,studio,sold,451.12,1091569.00,1091569.00,,,,t
BR2,1193,413,4,studio,sold,510.21,1137766.86,1137766.86,,,,t
BR2,1194,414,4,1br,sold,1452.59,2229692.16,2229692.16,6000.00,,,t
BR2,1195,501,5,1br,sold,1637.73,2341875.46,2341875.46,6000.00,,,t
BR2,1196,502,5,studio,sold,452.3,1103532.03,1103532.03,6000.00,,,t
BR2,1197,503,5,studio,sold,477.16,1106970.88,1106970.88,6000.00,,,t
BR2,1198,504,5,studio,sold,414.84,1049411.84,1049411.84,6000.00,,,t
BR2,1199,505,5,studio,sold,405.05,1073371.76,1073371.76,,,,t
BR2,1200,506,5,2br,sold,1266.59,2705826.48,2705826.48,,,,t
BR2,1201,507,5,studio,sold,429.05,1106947.63,1106947.63,6000.00,,,t
BR2,1202,508,5,studio,sold,438.09,1116995.20,1116995.20,6000.00,,,t
BR2,1203,509,5,1br,sold,1254.96,2396879.04,2396879.04,6000.00,,,t
BR2,1204,510,5,studio,sold,407.95,1081073.34,1081073.34,,,,t
BR2,1205,511,5,1br,sold,819.24,1679444.50,1679444.50,6000.00,,,t
BR2,1206,512,5,studio,sold,451.65,1101903.66,1101903.66,,,,t
BR2,1207,513,5,studio,sold,453.05,1105449.29,1105449.29,,,,t
BR2,1208,514,5,1br,sold,971.12,1971308.04,1971308.04,,,,t
BR2,1209,515,5,1br,sold,1139.57,2142300.18,2142300.18,2970.00,,,t
BR2,1210,601,6,1br,sold,1804.78,2346150.35,2346150.35,6000.00,,,t
BR2,1211,602,6,studio,sold,452.73,1113821.89,1113821.89,6000.00,,,t
BR2,1212,603,6,studio,sold,476.63,1115304.73,1115304.73,6000.00,,,t
BR2,1213,604,6,studio,sold,414.84,1090890.57,1090890.57,109089.10,,,t
BR2,1214,605,6,studio,sold,405.05,1081472.68,1081472.68,,,,t
BR2,1215,606,6,1br,sold,1577.77,2402792.00,2402792.00,,,,t
BR2,1216,607,6,studio,sold,446.49,1138514.41,1138514.41,,,,t
BR2,1217,608,6,studio,sold,427.43,1111330.69,1111330.69,,,,t
BR2,1218,609,6,1br,sold,1263.47,2438472.09,2438472.09,6000.00,,,t
BR2,1219,610,6,studio,sold,407.95,1072914.30,1072914.30,,,,t
BR2,1220,611,6,1br,sold,762.73,1578785.69,1578785.69,6000.00,,,t
BR2,1221,612,6,studio,sold,451.12,1109611.70,1109611.70,,,,t
BR2,1222,613,6,1br,sold,1477.02,2289386.87,2289386.87,6000.00,,,t
BR2,1223,614,6,studio,sold,444.55,1182473.04,1182473.04,,,,t
BR2,1224,615,6,studio,sold,823.22,1234755.07,1234755.07,6000.00,,,t
BR2,1225,701,7,studio,sold,443.8,1100507.37,1100507.37,6000.00,,,t
BR2,1226,702,7,studio,sold,476.63,1134369.77,1134369.77,,,,t
BR2,1227,703,7,studio,sold,414.84,1099186.31,1099186.31,3000.00,,,t
BR2,1228,704,7,studio,sold,405.05,1089573.60,1089573.60,6000.00,,,t
BR2,1229,705,7,2br,sold,1917.37,3650682.69,3650682.69,,,,t
BR2,1230,706,7,1br,sold,1748.6,2482931.66,2482931.66,6000.00,,,t
BR2,1231,707,7,studio,sold,407.95,1097391.43,1097391.43,6000.00,,,t
BR2,1232,708,7,1br,sold,762.73,1594107.14,1594107.14,6000.00,,,t
BR2,1233,709,7,studio,sold,451.12,1230045.16,1230045.16,,,,t
BR2,1234,710,7,studio,sold,452.94,1123304.47,1123304.47,6000.00,,,t
BR2,1235,711,7,1br,sold,1116.97,2200432.84,2200432.84,6000.00,,,t
BR2,1236,712,7,1br,sold,863.8,2004099.76,2004099.76,,,,t
BR2,1237,713,7,studio,sold,414.95,1136812.10,1136812.10,,,,t
GOLF,833,101,1,2br,available,1014.68,1242983.00,1242983.00,,,85,t
GOLF,834,102,1,2br,available,1040.98,1296020.10,1296020.10,,,85,t
GOLF,835,103,1,2br,available,1175.09,1339602.60,1339602.60,,,85,t
GOLF,836,104,1,studio,available,684.47,711848.80,711848.80,,,85,t
GOLF,837,201,2,2br,available,1014.68,1268350.00,1268350.00,,,85,t
GOLF,838,202,2,2br,available,1040.98,1316839.70,1316839.70,,,85,t
GOLF,839,203,2,2br,available,1175.09,1363104.40,1363104.40,,,85,t
GOLF,840,204,2,studio,available,684.47,732382.90,732382.90,,,85,t
GOLF,1238,301,3,2br,available,1014.68,1293717.00,1293717.00,,,,t
GOLF,1239,302,3,2br,sold,1040.98,1348069.10,1348069.10,,,,t
GOLF,1240,303,3,2br,available,1175.09,1386606.20,1386606.20,,,,t
GOLF,1241,304,3,studio,available,684.47,752917.00,752917.00,,,,t
GOLF,1242,401,4,2br,available,1014.68,1319084.00,1319084.00,,,,t
GOLF,1243,402,4,2br,available,1040.98,1374093.60,1374093.60,,,,t
GOLF,1244,403,4,2br,available,1175.09,1410108.00,1410108.00,,,,t
GOLF,1245,404,4,studio,available,684.47,838475.75,838475.75,,,,t
GOLF,1246,G01,0,3br,available,4914.08,4914080.00,4914080.00,,,,t
GOLF,1247,R01,,3br,sold,4395.45,4615222.50,4500000.00,,,,t
RES,825,101,1,1br,available,701.91,982679.49,982679.49,,,84,t
RES,826,102,1,1br,available,786.41,1100824.05,1100824.05,,,84,t
RES,827,103,1,1br,available,430,650000.00,,,,84,t
RES,828,104,1,2br,available,430,650000.00,,,,84,t
RES,934,105,1,1br,available,786.3,1100824.05,1100824.05,,,,t
RES,935,106,1,1br,available,722.47,1011462.20,1011462.20,,,,t
RES,936,107,1,1br,available,1043.88,1461436.23,1461436.23,,,,t
RES,937,108,1,studio,available,602.35,662582.63,662582.63,,,,t
RES,938,109,1,studio,available,613.43,674778.13,674778.13,,,,t
RES,939,110,1,studio,available,617.09,678803.83,678803.83,,,,t
RES,940,111,1,studio,available,634.21,697629.89,697629.89,,,,t
RES,941,112,1,studio,available,633.78,697156.28,697156.28,,,,t
RES,942,113,1,studio,available,649.17,714087.89,714087.89,,,,t
RES,943,114,1,1br,available,1681.11,1597050.61,1597050.61,,,,t
RES,944,115,1,1br,available,1958.49,1762642.44,1762642.44,,,,t
RES,945,116,1,studio,available,629.04,691946.55,691946.55,,,,t
RES,946,117,1,studio,available,616.55,678211.81,678211.81,,,,t
RES,947,118,1,studio,available,598.9,658793.74,658793.74,,,,t
RES,948,119,1,1br,available,1164.33,1164331.06,1164331.06,,,,t
RES,949,121,1,1br,available,987.26,1382170.87,1382170.87,,,,t
RES,829,201,2,1br,sold,690.83,870000.00,870000.00,,,84,t
RES,830,202,2,1br,available,786.41,980000.00,980000.00,,,84,t
RES,831,203,2,2br,available,1131.93,1471511.24,1471511.24,,,84,t
RES,832,204,2,2br,available,430,650000.00,,,,84,t
RES,950,205,2,1br,available,786.3,980000.00,980000.00,,,,t
RES,951,206,2,1br,available,722.47,930000.00,930000.00,,,,t
RES,952,207,2,1br,available,742.6,970000.00,970000.00,,,,t
RES,953,208,2,studio,sold,392.88,569679.41,569679.41,,,,t
RES,954,209,2,studio,sold,394.6,572176.63,572176.63,,,,t
RES,955,210,2,studio,sold,389.01,564060.65,564060.65,,,,t
RES,956,211,2,studio,sold,396.76,575298.16,575298.16,,,,t
RES,957,212,2,studio,sold,386.96,561095.20,561095.20,,,,t
RES,958,213,2,studio,sold,393.1,569991.56,569991.56,,,,t
RES,959,214,2,1br,available,828.28,1000000.00,1000000.00,,,,t
RES,960,215,2,1br,available,915.25,1050000.00,1050000.00,,,,t
RES,961,216,2,studio,sold,396,574205.63,574205.63,,,,t
RES,962,217,2,studio,sold,395.9,574049.55,574049.55,,,,t
RES,963,218,2,studio,sold,387.5,561875.58,561875.58,,,,t
RES,964,219,2,1br,available,767.36,970000.00,970000.00,,,,t
RES,965,221,2,1br,available,716.01,910000.00,910000.00,,,,t
RES,966,301,3,1br,available,690.83,910000.00,910000.00,,,,t
RES,967,302,3,1br,sold,786.41,980000.00,980000.00,,,,t
RES,968,303,3,1br,available,766.39,970000.00,970000.00,,,,t
RES,969,304,3,studio,sold,366.51,535105.76,535105.76,,,,t
RES,970,305,3,1br,available,786.3,980000.00,980000.00,,,,t
RES,971,306,3,1br,available,722.47,930000.00,930000.00,,,,t
RES,972,307,3,1br,available,742.6,970000.00,970000.00,,,,t
RES,973,308,3,studio,sold,392.88,573608.23,573608.23,,,,t
RES,974,309,3,studio,sold,394.6,576122.68,576122.68,,,,t
RES,975,310,3,studio,sold,389.01,567950.73,567950.73,,,,t
RES,976,311,3,studio,sold,396.76,579265.74,579265.74,,,,t
RES,977,312,3,studio,sold,386.96,564964.82,564964.82,,,,t
RES,978,313,3,studio,sold,393.1,573922.54,573922.54,,,,t
RES,979,314,3,1br,available,828.28,1000000.00,1000000.00,,,,t
RES,980,315,3,1br,available,915.25,1290508.73,1290508.73,,,,t
RES,981,316,3,studio,sold,396,578165.67,572704.06,,,,t
RES,982,317,3,studio,sold,395.9,578008.51,520207.66,,,,t
RES,983,318,3,studio,sold,387.5,565750.58,509175.53,,,,t
RES,984,319,3,1br,available,767.36,970000.00,970000.00,,,,t
RES,985,321,3,1br,available,716.01,910000.00,910000.00,,,,t
RES,986,401,4,1br,sold,690.83,980974.48,980974.48,,,,t
RES,987,402,4,1br,sold,786.41,1116702.96,1005032.66,,,,t
RES,988,403,4,1br,available,766.39,1088273.35,1088273.35,,,,t
RES,989,404,4,studio,sold,366.51,538770.87,511832.33,,,,t
RES,990,405,4,1br,available,786.3,1116550.11,1116550.11,,,,t
RES,991,406,4,1br,sold,722.47,1025911.61,974616.03,,,,t
RES,992,407,4,1br,sold,742.6,1048811.89,996371.30,,,,t
RES,993,408,4,studio,sold,392.88,577537.05,548660.20,,,,t
RES,994,409,4,studio,sold,394.6,580068.72,551065.29,,,,t
RES,995,410,4,studio,sold,389.01,571840.80,543248.76,,,,t
RES,996,411,4,studio,sold,396.76,583233.31,554071.64,,,,t
RES,997,412,4,studio,sold,386.96,568834.44,540392.72,,,,t
RES,998,413,4,studio,sold,393.1,577853.51,520068.16,,,,t
RES,999,414,4,1br,available,828.28,1176160.59,1176160.59,,,,t
RES,1000,415,4,1br,available,915.25,1299661.27,1299661.27,,,,t
RES,1001,416,4,studio,sold,396,582125.71,553019.42,,,,t
RES,1002,417,4,studio,sold,395.9,581967.48,552869.10,,,,t
RES,1003,418,4,studio,sold,387.5,569625.59,541144.31,,,,t
RES,1004,419,4,1br,available,767.36,1089648.97,1089648.97,,,,t
RES,1005,421,4,1br,available,716.01,1016740.77,1016740.77,,,,t
RES,1006,501,5,1br,sold,690.83,910000.00,910000.00,,,,t
RES,1007,502,5,1br,sold,786.41,980000.00,970200.00,,,,t
RES,1008,503,5,1br,available,766.39,980000.00,980000.00,,,,t
RES,1009,504,5,studio,sold,366.51,542435.98,542435.98,,,,t
RES,1010,505,5,1br,sold,786.3,985000.00,975150.00,,,,t
RES,1011,506,5,1br,available,722.47,930000.00,930000.00,,,,t
RES,1012,507,5,1br,available,742.6,970000.00,970000.00,,,,t
RES,1013,508,5,studio,sold,392.88,581465.88,581465.88,,,,t
RES,1014,509,5,studio,sold,394.6,584014.77,584014.77,,,,t
RES,1015,510,5,studio,sold,389.01,572704.06,572704.06,,,,t
RES,1016,511,5,studio,sold,396.76,594346.48,594346.48,,,,t
RES,1017,512,5,studio,sold,386.96,572704.06,572704.06,,,,t
RES,1018,513,5,studio,sold,393.1,581784.49,581784.49,,,,t
RES,1019,514,5,1br,available,828.28,1000000.00,1000000.00,,,,t
RES,1020,515,5,1br,available,915.25,1100000.00,1100000.00,,,,t
RES,1021,516,5,studio,sold,396,586085.74,586085.74,,,,t
RES,1022,517,5,studio,sold,395.9,585926.44,574207.91,,,,t
RES,1023,518,5,studio,sold,387.5,573500.59,573500.59,,,,t
RES,1024,519,5,studio,sold,398.16,589271.86,589271.86,,,,t
RES,1025,520,5,studio,sold,400.09,592139.36,532925.43,,,,t
RES,1026,521,5,1br,available,716.983379,920000.00,920000.00,,,,t
